HouseID,OverallQual,OverallCond,YearBuilt,YearRemodAdd,GrLivArea,TotalBsmtSF,1stFlrSF,2ndFlrSF,GarageCars,GarageArea,FullBath,HalfBath,BedroomAbvGr,TotRmsAbvGrd,Fireplaces,LotArea,Neighborhood,HouseStyle,MSZoning,KitchenQual,GarageType,CentralAir,Foundation,SalePrice
10001,3,6,2005,2012,1975,1201,1093,676,2,386,2,1,3,10,2,9248,NridgHt,1Story,RL,TA,Attchd,Y,PConc,432697
10002,9,4,1997,2003,1160,1813,546,156,0,382,3,0,1,11,1,9563,Somerst,1Story,RM,Ex,Attchd,Y,CBlock,559103
10003,8,4,2016,2020,500,1389,694,0,3,529,1,0,5,9,2,10654,CollgCr,1Story,RL,TA,Detchd,Y,Slab,512985
10004,6,5,2018,2021,705,881,707,774,2,341,3,0,4,7,0,6366,Somerst,2Story,RL,Gd,None,Y,PConc,443252
10005,6,7,2000,2000,2140,1377,1367,483,1,652,3,0,3,8,1,4291,Edwards,1Story,RL,Gd,Attchd,Y,PConc,469481
10006,9,4,1976,1978,1319,491,1186,226,0,598,1,1,1,5,0,13077,Somerst,1Story,RL,Ex,Attchd,Y,CBlock,505812
10007,3,9,1992,1997,1162,665,1314,802,1,678,1,1,5,5,2,11588,NAmes,1.5Fin,RL,TA,Detchd,Y,CBlock,300762
10008,8,6,1980,1991,2239,1183,456,192,1,277,1,0,1,7,1,6680,CollgCr,1.5Fin,RL,TA,Detchd,Y,PConc,497754
10009,4,9,1994,2001,2069,187,581,323,0,174,3,1,4,10,0,10218,Somerst,2Story,RM,Gd,Detchd,Y,PConc,457885
10010,3,7,2007,2018,1511,1035,1332,607,1,479,3,0,3,3,2,14972,CollgCr,1Story,FV,TA,Attchd,Y,CBlock,409127
10011,7,5,1976,1982,1368,642,400,116,0,1002,2,0,3,3,2,14189,NridgHt,1Story,RH,TA,Attchd,Y,PConc,544811
10012,10,4,1985,1990,1441,1091,1529,417,0,708,1,0,3,4,1,6593,OldTown,1Story,RL,Gd,Detchd,Y,CBlock,481586
10013,8,8,1953,1958,1602,619,462,777,0,380,1,0,2,4,2,4350,CollgCr,2Story,RL,Ex,Attchd,Y,PConc,501837
10014,9,5,2002,2014,2220,1220,1395,513,1,556,1,1,3,4,2,4699,NridgHt,2Story,RM,Gd,Detchd,Y,CBlock,630586
10015,8,4,1984,2014,1690,1058,789,824,1,611,2,1,2,4,1,7388,Edwards,1Story,RL,Gd,Attchd,Y,CBlock,529157
10016,9,9,1982,2006,1827,1610,1467,790,1,234,3,1,3,3,2,16414,CollgCr,1.5Fin,RL,Fa,Detchd,Y,CBlock,582118
10017,7,6,1987,1989,2026,1053,2223,452,2,727,1,0,4,6,0,6124,Gilbert,1Story,RL,TA,None,Y,CBlock,492283
10018,4,3,1965,1970,974,743,400,0,2,450,3,1,4,9,2,6499,Edwards,2Story,RL,Ex,Detchd,Y,PConc,381165
10019,9,6,1992,2000,1840,951,1343,118,0,464,1,1,1,4,1,6440,BrkSide,1Story,RL,TA,Attchd,Y,PConc,485380
10020,6,6,2002,2007,1367,512,467,679,3,484,2,1,5,5,0,6691,CollgCr,1Story,RL,Gd,CarPort,Y,CBlock,472543
10021,7,9,1974,2020,500,1212,1249,0,2,686,3,1,1,11,2,8457,BrkSide,1Story,RL,Ex,Attchd,Y,CBlock,472922
10022,5,7,1959,1999,542,1286,1028,352,1,344,2,0,2,4,2,4778,Gilbert,2Story,RL,Gd,Detchd,Y,CBlock,353309
10023,4,4,1977,1988,1042,2038,1145,552,0,173,2,0,2,11,2,13846,NAmes,1Story,RL,Gd,Attchd,Y,PConc,413140
10024,10,4,1964,2020,1739,801,781,891,3,538,2,0,2,7,0,7964,Somerst,1Story,RL,Gd,BuiltIn,Y,CBlock,648438
10025,9,7,1976,2006,1551,943,1373,277,2,112,2,0,2,9,2,25937,NridgHt,2Story,RL,Gd,Attchd,Y,PConc,631501
10026,8,3,1994,1994,1583,820,593,257,1,426,1,0,2,5,2,5013,Somerst,2Story,RH,Gd,Attchd,Y,PConc,526048
10027,6,5,1958,1962,2378,1135,1535,434,0,694,1,0,3,5,2,17383,Edwards,2Story,RL,TA,None,Y,PConc,400171
10028,9,3,2003,2008,929,1203,957,555,0,584,3,0,4,6,1,15898,Crawfor,2Story,RL,TA,Detchd,Y,BrkTil,463899
10029,7,3,1965,1981,1488,1029,609,404,1,668,3,0,5,4,2,7063,Sawyer,2Story,RL,Gd,Attchd,Y,CBlock,478501
10030,6,9,2013,2017,1637,1485,1658,765,0,592,3,0,2,5,2,7116,Crawfor,2Story,RH,TA,Attchd,Y,CBlock,497703
10031,6,3,2002,2004,1169,803,1076,210,0,914,1,0,2,11,0,5615,BrkSide,1Story,RL,Gd,Attchd,Y,CBlock,375942
10032,4,3,1969,1973,1513,1444,1768,486,1,374,1,1,4,3,0,5644,Gilbert,1Story,RL,Fa,Attchd,Y,PConc,395356
10033,3,9,1989,2000,780,1265,1527,584,0,552,1,0,1,8,2,8498,Sawyer,1Story,RL,Ex,Detchd,Y,PConc,317529
10034,7,4,1957,2003,2134,1045,821,330,1,401,1,0,3,9,1,8580,NridgHt,1Story,RM,TA,Detchd,Y,PConc,526714
10035,10,8,1957,1957,1193,924,1070,702,3,652,2,1,2,4,0,4133,BrkSide,1Story,RL,Gd,CarPort,Y,PConc,503440
10036,3,3,2017,2017,2414,2021,1142,495,3,469,1,0,4,3,0,23859,NridgHt,1Story,RL,Gd,BuiltIn,Y,CBlock,578077
10037,9,4,2006,2007,1485,723,1634,687,0,789,3,1,1,7,2,7563,NAmes,1Story,RL,TA,CarPort,Y,PConc,487754
10038,9,3,1960,2001,1963,1169,1253,508,2,384,1,0,5,4,0,8755,NridgHt,2Story,RL,TA,Detchd,Y,CBlock,580677
10039,5,7,1970,2009,1476,750,1162,563,3,733,2,0,2,11,0,6413,NAmes,2Story,RL,Fa,Attchd,Y,CBlock,387027
10040,8,7,1964,2011,1486,1764,1030,260,2,587,1,0,3,4,1,7538,Crawfor,2Story,RL,TA,Detchd,Y,BrkTil,495630
10041,4,6,1978,1992,1237,1405,1082,261,1,474,2,0,3,4,2,7236,NridgHt,SLvl,RL,Gd,Attchd,Y,PConc,451861
10042,9,4,1970,1994,1554,779,1557,817,1,578,1,0,3,5,1,8489,Somerst,1Story,RL,TA,Attchd,Y,CBlock,530805
10043,8,3,1973,2015,1643,1255,1101,641,0,527,2,1,3,5,1,8444,CollgCr,1Story,RL,Gd,BuiltIn,Y,PConc,571515
10044,5,6,1987,1993,1147,1153,962,143,1,544,3,0,2,4,2,12210,Somerst,1Story,RL,TA,Detchd,Y,PConc,437388
10045,3,4,1963,1981,1444,843,902,504,3,443,3,1,4,8,1,9415,OldTown,2Story,RL,TA,Attchd,Y,CBlock,369047
10046,10,7,2012,2012,1225,1353,906,0,2,354,1,0,3,6,2,11670,Sawyer,1Story,FV,Gd,Attchd,Y,PConc,593114
10047,6,7,2001,2005,2535,1206,609,278,1,420,2,1,2,7,0,8463,NridgHt,1.5Fin,RL,TA,Attchd,Y,CBlock,577799
10048,10,8,2003,2009,1460,1136,837,738,0,177,3,1,2,5,1,9432,Somerst,1Story,RL,Gd,Detchd,Y,CBlock,577707
10049,8,6,1962,1987,2195,1033,1624,412,3,632,2,1,3,3,0,7625,CollgCr,2Story,RL,Ex,Attchd,Y,PConc,593417
10050,9,3,2000,2011,1412,1222,1028,485,0,258,2,1,5,3,2,13349,Somerst,2Story,RL,Fa,Basment,Y,Slab,543841
10051,9,4,2009,2012,1617,1142,1347,0,2,441,2,1,5,3,2,9828,Edwards,1Story,RL,Gd,Detchd,Y,PConc,560641
10052,4,8,1962,1966,905,1074,400,332,1,597,3,1,2,10,2,7916,BrkSide,2Story,RL,Gd,Attchd,Y,Stone,366324
10053,5,6,2003,2009,1299,794,1299,551,1,631,2,0,2,5,0,7811,BrkSide,2Story,RL,TA,Detchd,Y,CBlock,416893
10054,6,7,1975,1989,1595,1728,1044,590,0,161,3,1,1,5,2,8092,Gilbert,2Story,RL,Gd,Basment,Y,PConc,452620
10055,6,6,2005,2006,2214,630,931,739,1,463,3,0,3,8,1,8617,OldTown,2Story,RL,Gd,BuiltIn,Y,PConc,523373
10056,3,4,1983,1988,1600,1221,1163,387,2,563,2,1,2,3,0,8287,NAmes,1Story,RM,Gd,Detchd,Y,PConc,365232
10057,7,9,2006,2011,2123,922,926,400,1,489,1,0,5,8,1,6610,Crawfor,1Story,RL,TA,Attchd,N,CBlock,525426
10058,4,8,1960,2011,1788,1754,400,50,0,722,1,1,3,7,1,11992,Crawfor,2Story,RM,Gd,Detchd,Y,PConc,442745
10059,8,9,1977,2003,2232,689,1423,389,1,332,2,0,2,10,1,12338,NAmes,1Story,RL,TA,BuiltIn,Y,CBlock,545202
10060,8,8,1969,1996,1473,756,1185,72,0,111,3,1,5,4,2,18969,Sawyer,1Story,RL,Gd,None,Y,PConc,490838
10061,10,5,1967,1984,2576,662,990,0,1,626,2,0,5,3,1,6478,Edwards,1Story,RL,Fa,Attchd,Y,Stone,550577
10062,8,4,1971,1979,1282,1179,762,124,3,383,1,1,2,9,0,11473,NAmes,2Story,RL,Gd,Detchd,Y,PConc,483635
10063,5,4,1977,1981,1155,501,586,903,3,163,3,0,1,6,1,3600,Crawfor,1Story,RL,Gd,Attchd,N,CBlock,397477
10064,10,9,1959,1963,955,859,1178,369,3,451,1,0,2,3,0,12344,Crawfor,SFoyer,RL,Fa,Attchd,Y,CBlock,494812
10065,6,6,2000,2013,2549,189,1665,516,0,702,2,0,2,8,0,4413,Crawfor,1Story,RL,TA,Attchd,Y,PConc,472407
10066,5,6,1989,1993,1869,1146,1171,296,1,253,1,0,3,7,0,5458,NAmes,1Story,RL,Gd,Attchd,Y,PConc,396359
10067,10,9,2008,2012,1350,850,616,0,0,900,1,0,5,11,2,9871,Somerst,1Story,RL,Gd,Detchd,Y,CBlock,576116
10068,5,7,2000,2001,2062,455,1179,731,1,329,3,0,5,11,1,6426,BrkSide,1Story,RL,TA,Attchd,Y,CBlock,453393
10069,3,9,1960,1971,1809,1484,1081,0,2,496,3,0,4,7,0,6042,Sawyer,1Story,RL,Gd,Detchd,N,CBlock,383094
10070,6,9,1954,1964,2385,527,1402,284,3,261,1,0,5,4,1,6834,Edwards,2Story,RL,Gd,Detchd,Y,PConc,460970
10071,9,3,1980,1999,803,1369,1312,434,1,487,1,1,1,9,2,11804,Somerst,1Story,RL,TA,Attchd,N,BrkTil,563011
10072,4,5,1984,1985,1381,770,400,519,0,456,2,1,1,4,1,5586,NAmes,1Story,RL,TA,Detchd,Y,BrkTil,307390
10073,6,8,1967,1985,1292,1691,1291,232,1,212,3,0,5,10,2,8295,NridgHt,1Story,RM,TA,Attchd,Y,CBlock,500626
10074,4,8,2005,2013,612,1350,749,0,1,989,2,0,4,8,1,7168,BrkSide,1Story,RL,TA,Attchd,Y,PConc,323169
10075,8,4,1991,2000,1977,647,602,210,2,391,3,0,2,6,2,12293,NAmes,SLvl,RL,Fa,None,Y,PConc,495490
10076,6,5,2003,2008,1378,683,1034,225,0,391,2,1,4,11,1,12449,CollgCr,1Story,RL,Gd,Attchd,Y,Stone,499046
10077,5,6,1957,1958,1833,1292,1244,218,2,654,2,1,1,7,1,3722,Somerst,2Story,RL,TA,Attchd,Y,CBlock,438998
10078,4,8,2007,2008,2562,945,526,741,1,807,1,1,4,6,0,13604,Somerst,1Story,RL,Gd,Detchd,Y,CBlock,445929
10079,7,3,1964,1969,1341,982,1347,86,2,683,3,0,5,4,0,6457,OldTown,1Story,RL,TA,Attchd,Y,BrkTil,447104
10080,8,7,1981,1984,1310,1559,1367,540,3,264,3,0,3,8,2,9454,NAmes,1.5Fin,FV,TA,Attchd,Y,PConc,550450
10081,10,5,1981,1985,1553,751,1116,497,0,519,1,0,4,5,2,5571,Sawyer,1Story,RL,Gd,Detchd,Y,CBlock,534923
10082,6,4,2008,2019,1944,1087,796,738,3,141,3,0,4,4,1,10045,CollgCr,1.5Fin,RL,TA,Detchd,Y,CBlock,511744
10083,4,6,1969,1972,1245,1432,757,410,0,642,3,1,5,4,1,26794,NridgHt,2Story,RL,TA,Detchd,Y,CBlock,416547
10084,9,5,1967,2000,1216,1374,1459,687,3,186,2,0,3,8,0,9001,Somerst,1Story,RL,TA,Basment,Y,CBlock,539146
10085,8,7,1974,1991,1976,986,571,398,1,335,3,0,2,11,1,6911,Edwards,SLvl,FV,Ex,Attchd,Y,CBlock,538704
10086,8,5,1975,1993,1670,934,1473,580,2,479,2,0,2,5,0,7657,NridgHt,1Story,RL,Ex,Attchd,Y,PConc,582291
10087,3,8,1962,1967,580,354,1042,0,3,560,1,0,2,4,1,4389,Sawyer,SFoyer,RM,TA,Attchd,Y,BrkTil,270517
10088,5,3,1962,1971,949,628,1066,0,2,433,3,1,1,8,0,16315,Somerst,SLvl,RL,TA,Attchd,Y,CBlock,395382
10089,9,9,1966,1993,2176,1177,502,563,1,753,1,1,4,4,2,9785,Somerst,1Story,RL,Gd,None,Y,PConc,599687
10090,9,3,1983,1987,1681,995,1049,579,3,610,3,1,2,3,2,5302,Edwards,1Story,RL,Gd,Detchd,Y,Stone,552862
10091,6,8,1974,1999,1157,1080,1315,593,1,596,1,0,4,8,0,5380,Edwards,1.5Fin,RL,TA,Attchd,Y,PConc,373032
10092,9,5,1977,1984,1423,1466,632,293,2,259,2,1,1,7,0,8559,Somerst,1Story,RL,Gd,Attchd,Y,PConc,578606
10093,9,5,2001,2007,1506,575,1275,897,2,786,3,0,2,3,2,12929,Edwards,2Story,RL,Ex,Attchd,Y,Slab,550977
10094,6,3,1967,2001,1831,956,1131,312,1,335,2,1,2,5,0,5064,Edwards,1Story,RL,Gd,Detchd,Y,CBlock,434036
10095,10,7,2014,2017,889,1125,875,576,0,793,3,0,1,4,1,14029,CollgCr,1Story,RL,TA,Attchd,Y,BrkTil,564323
10096,5,4,2003,2008,1122,768,1399,628,1,844,1,1,5,9,0,8157,Sawyer,2Story,RL,Fa,CarPort,Y,BrkTil,341758
10097,4,7,1962,2013,1623,1623,400,966,3,572,1,0,3,8,1,5593,NAmes,2Story,RL,TA,Attchd,Y,CBlock,384421
10098,8,8,1972,1975,1455,1413,1221,355,2,666,1,1,5,9,0,6887,BrkSide,2Story,RL,Gd,Attchd,Y,PConc,484403
10099,8,8,1963,2017,1757,1166,1667,254,2,0,1,1,5,3,0,18670,NridgHt,2Story,RL,TA,CarPort,Y,CBlock,545634
10100,4,7,1969,2001,947,1768,1604,1,1,445,1,0,1,10,1,4551,NAmes,1Story,RL,Gd,Basment,Y,CBlock,329352
10101,9,5,1975,2020,1661,450,1236,916,2,678,2,1,5,4,0,6115,NridgHt,1Story,RL,Fa,Attchd,Y,CBlock,553655
10102,4,8,1959,2017,1991,1047,994,576,1,646,1,0,1,11,2,13049,OldTown,1Story,RL,Gd,Detchd,Y,CBlock,417867
10103,9,8,1951,1972,1719,1197,877,586,0,260,3,0,5,10,1,9370,Crawfor,1Story,RL,TA,Basment,Y,PConc,535517
10104,3,5,1981,2003,1563,684,994,1385,0,427,1,0,4,7,1,5954,Crawfor,1Story,RH,TA,Detchd,N,PConc,305183
10105,9,3,1999,2004,1457,1170,1290,548,1,23,3,1,5,10,1,13121,BrkSide,2Story,RL,TA,Detchd,Y,CBlock,538408
10106,9,9,1971,1983,1124,607,817,59,2,554,3,1,3,9,2,13405,Somerst,1Story,RL,Ex,Detchd,Y,CBlock,577878
10107,9,4,2011,2017,1468,1326,1365,391,1,141,3,0,1,9,2,9867,BrkSide,1Story,RL,TA,CarPort,Y,CBlock,517448
10108,8,7,1976,1984,2067,1473,1847,158,0,683,3,1,1,3,0,6453,NridgHt,2Story,RL,TA,Detchd,Y,PConc,582501
10109,6,4,2013,2020,1446,1159,1078,331,1,693,3,1,1,3,2,6916,BrkSide,1Story,RL,Gd,Attchd,Y,PConc,467298
10110,8,3,1966,1980,1100,309,629,329,1,395,3,1,5,11,1,9662,CollgCr,SFoyer,RL,TA,Attchd,Y,CBlock,475644
10111,5,8,1988,1994,1278,663,629,274,2,574,2,0,3,10,2,4710,BrkSide,1Story,RL,TA,Detchd,Y,PConc,363001
10112,9,4,2004,2005,1590,1276,1372,32,1,441,2,1,2,8,2,15449,Sawyer,1Story,FV,Fa,Detchd,Y,CBlock,503264
10113,7,7,1954,2005,1332,1058,1079,928,1,524,2,1,1,5,2,18268,OldTown,1.5Fin,FV,TA,Attchd,Y,CBlock,428668
10114,6,7,2016,2020,1718,0,1407,540,0,273,2,1,1,6,2,7644,Crawfor,2Story,RL,Gd,Detchd,Y,PConc,423536
10115,7,3,1975,1989,1735,1547,913,382,2,592,2,1,2,6,0,9977,Sawyer,1.5Fin,RL,TA,Attchd,Y,CBlock,493682
10116,7,4,1985,1988,1900,1105,1391,677,3,185,1,0,4,6,2,14493,BrkSide,1Story,RM,Gd,None,Y,BrkTil,482193
10117,3,8,1994,1995,2141,722,1045,591,2,151,3,1,5,8,2,20493,NAmes,1Story,RL,Gd,Attchd,Y,PConc,454783
10118,4,6,1995,1996,1948,1448,844,533,1,458,3,0,4,9,0,17128,Somerst,2Story,RL,TA,Detchd,Y,PConc,454129
10119,4,3,1951,1994,1080,779,960,655,1,442,3,0,5,6,0,3893,Sawyer,1Story,RH,TA,Detchd,Y,PConc,367024
10120,3,9,2011,2013,1093,775,681,490,1,529,1,1,2,10,1,7375,NAmes,2Story,RL,TA,Attchd,Y,CBlock,300970
10121,6,4,1994,1994,1466,1193,1796,651,0,363,3,1,2,3,1,10648,Gilbert,1Story,RL,TA,Attchd,Y,BrkTil,416786
10122,8,3,2020,2021,1297,1762,1066,676,0,819,2,1,4,10,2,6805,NridgHt,1Story,RM,Gd,Attchd,Y,CBlock,567599
10123,8,9,1983,2008,988,1699,1326,499,3,509,1,0,1,9,1,18960,CollgCr,1Story,RL,TA,BuiltIn,Y,Slab,532266
10124,6,3,1993,1993,1301,1194,912,384,3,522,3,1,5,7,0,17695,Sawyer,2Story,FV,Gd,Detchd,N,CBlock,480377
10125,9,6,1981,1982,1286,1235,732,909,3,516,3,1,4,6,1,5888,NAmes,1Story,RL,Fa,Attchd,Y,PConc,549309
10126,7,9,2013,2015,1198,1367,1018,307,2,661,3,0,1,6,2,7901,Gilbert,SFoyer,RL,Fa,Detchd,Y,PConc,508452
10127,3,7,2009,2013,1358,547,1485,567,3,584,2,1,1,6,2,6066,BrkSide,1Story,RM,TA,None,Y,CBlock,332702
10128,9,7,2014,2015,2030,1308,918,574,1,560,1,1,4,11,0,7785,Somerst,1Story,RL,TA,Attchd,Y,CBlock,580838
10129,7,5,1985,2004,1590,756,795,267,1,612,1,0,4,3,2,7680,Somerst,1Story,FV,TA,Basment,Y,CBlock,517022
10130,8,3,2006,2009,2612,1177,1154,208,0,152,3,1,2,8,0,13059,Edwards,2Story,RL,TA,Attchd,Y,CBlock,480944
10131,7,7,1975,1979,1577,959,1275,344,0,158,3,0,4,11,2,5699,OldTown,1.5Fin,RL,TA,Attchd,Y,PConc,442172
10132,7,9,1982,1983,1369,1250,1675,302,2,466,1,1,3,7,2,2618,BrkSide,2Story,RL,Gd,Detchd,Y,PConc,472310
10133,3,3,2003,2005,1502,1097,1224,13,0,444,3,1,4,8,0,4129,OldTown,1Story,RL,TA,Attchd,Y,CBlock,367157
10134,7,9,1955,1962,1615,0,1325,255,3,584,1,0,3,8,2,5351,Edwards,2Story,C (all),Gd,Basment,Y,CBlock,388832
10135,9,5,2000,2005,1696,1122,1352,530,3,484,3,0,3,7,1,6328,OldTown,1Story,RH,TA,Detchd,Y,CBlock,530401
10136,5,6,1951,2004,2435,1307,696,830,1,585,1,1,2,8,2,9247,NridgHt,2Story,RL,TA,Detchd,N,PConc,470318
10137,7,4,1991,2008,1120,1228,763,616,2,256,3,1,1,11,0,5229,Gilbert,2Story,RH,TA,Detchd,Y,CBlock,420206
10138,3,7,1983,1985,1887,1009,721,0,0,478,1,1,1,9,2,4929,CollgCr,1Story,RL,TA,Detchd,Y,PConc,352496
10139,5,4,1983,1993,1593,1707,634,642,1,239,2,0,1,10,2,5595,CollgCr,2Story,RM,TA,Detchd,Y,PConc,455128
10140,6,4,1985,2015,793,1175,1378,283,0,550,3,1,5,7,0,5145,NAmes,2Story,RL,TA,Detchd,Y,CBlock,413157
10141,10,8,1984,2009,1847,1225,1202,586,0,142,3,0,3,9,1,6623,CollgCr,1Story,RL,Gd,BuiltIn,Y,Slab,582159
10142,4,3,1978,1980,2070,1468,1128,446,0,543,2,1,2,10,1,6497,Edwards,1Story,RL,Gd,Detchd,Y,Slab,389928
10143,5,6,1982,2017,1114,1195,400,392,3,216,3,0,5,4,0,11590,Gilbert,1Story,RL,Gd,Attchd,Y,PConc,466884
10144,6,7,1990,1995,1496,691,1819,419,2,411,1,1,5,10,2,5445,Somerst,2Story,RM,TA,Attchd,Y,PConc,492856
10145,10,3,2004,2004,724,75,787,443,3,641,2,1,2,9,0,7237,NAmes,2Story,RL,TA,Attchd,Y,CBlock,531637
10146,9,5,1989,1990,934,859,1818,853,3,521,3,1,2,6,0,6651,NridgHt,1Story,RM,TA,Attchd,Y,CBlock,554673
10147,3,5,1995,2002,1972,1354,593,444,3,184,1,0,3,9,1,12232,Gilbert,1Story,RL,Ex,Attchd,N,CBlock,467691
10148,4,7,2009,2014,1290,909,816,776,3,359,2,1,5,4,1,7930,Edwards,1Story,RL,Ex,Attchd,Y,PConc,406397
10149,9,9,2020,2021,1001,1370,400,732,0,210,2,1,4,9,0,13638,CollgCr,1Story,RL,TA,Attchd,N,CBlock,529377
10150,3,8,1957,1968,1603,1109,1227,650,3,175,2,0,3,8,2,5061,Gilbert,1Story,RL,TA,BuiltIn,Y,PConc,417168
10151,9,4,2000,2006,1265,1565,715,0,2,501,3,1,2,10,0,8313,NAmes,1Story,FV,Gd,Detchd,Y,PConc,575535
10152,5,3,1965,2020,1288,932,724,785,0,581,2,0,2,8,0,6560,Gilbert,1Story,RL,Ex,Attchd,Y,CBlock,389146
10153,10,3,1963,1973,1833,1237,620,313,0,559,3,1,1,7,1,4896,Gilbert,2Story,RL,Gd,None,Y,PConc,546894
10154,5,7,2006,2007,977,1252,1372,665,3,588,2,0,4,7,2,8246,BrkSide,2Story,RL,TA,None,Y,CBlock,400188
10155,6,4,1954,1959,1093,1651,1349,158,3,478,3,1,5,7,0,18539,NAmes,1Story,RM,TA,BuiltIn,Y,CBlock,479046
10156,8,4,2010,2014,1569,367,1734,94,1,431,2,1,4,11,1,5791,NAmes,2Story,RH,TA,Attchd,Y,PConc,501516
10157,4,8,2004,2008,1936,867,860,1043,0,287,3,1,2,10,2,8026,BrkSide,1Story,RM,TA,Attchd,Y,PConc,439489
10158,7,9,2020,2021,2057,1389,1177,163,1,401,2,0,3,3,2,4709,Edwards,1Story,RL,TA,Attchd,Y,BrkTil,470261
10159,7,8,1997,1999,1201,1668,649,794,0,242,3,0,5,7,0,4408,Edwards,SFoyer,RM,Gd,Detchd,Y,CBlock,429262
10160,9,4,2011,2015,1922,1146,983,486,2,328,3,0,3,5,1,5964,Somerst,2Story,RL,Gd,Detchd,Y,BrkTil,563788
10161,10,7,1958,2009,1147,933,918,324,1,496,1,0,5,4,2,6942,NAmes,1Story,FV,Gd,Detchd,N,PConc,538974
10162,8,7,2013,2019,2322,1353,1263,437,0,459,1,1,3,10,2,7082,NridgHt,1Story,RL,Fa,BuiltIn,Y,CBlock,598701
10163,6,4,1961,1967,990,1397,1456,60,3,1032,1,1,3,10,1,7678,Crawfor,2Story,RL,TA,None,Y,Slab,472790
10164,6,6,1972,1976,2098,906,1447,446,3,238,2,1,3,11,2,4048,Sawyer,1Story,RL,TA,Detchd,Y,PConc,495580
10165,6,6,1959,1972,1205,1182,805,125,3,457,2,1,2,6,1,6413,Edwards,SFoyer,RM,TA,Basment,Y,PConc,416388
10166,9,5,1978,2008,2406,1522,1449,331,3,224,1,0,3,6,0,10653,Crawfor,1Story,RL,Gd,BuiltIn,Y,BrkTil,627617
10167,5,8,2003,2010,1766,1806,1085,728,0,410,3,1,2,10,1,4613,Sawyer,1Story,RL,Gd,Attchd,Y,PConc,453556
10168,4,7,1969,1972,1043,1347,986,526,3,418,3,0,4,4,1,7245,NAmes,2Story,RL,TA,BuiltIn,Y,PConc,402209
10169,5,6,2008,2009,1265,1068,852,5,3,632,2,1,4,3,2,9697,Sawyer,2Story,RH,Fa,Attchd,Y,Stone,437245
10170,3,8,1993,1995,1852,1028,904,705,3,399,1,1,2,6,2,5978,NAmes,1Story,RL,Gd,Attchd,Y,PConc,375318
10171,3,8,1994,1995,1974,1273,1710,448,1,446,3,1,5,8,1,9912,OldTown,SLvl,RL,Gd,None,Y,CBlock,375290
10172,3,6,2016,2019,1468,1004,1208,287,1,403,1,0,3,7,2,4287,NridgHt,SLvl,RL,TA,Attchd,Y,CBlock,408377
10173,9,4,1980,1982,1520,1126,1161,674,3,228,1,1,5,4,0,12678,CollgCr,1Story,RL,TA,Attchd,Y,CBlock,595673
10174,8,8,1974,2011,1841,627,1008,400,0,363,3,0,4,7,2,10021,NAmes,1Story,RL,TA,None,Y,PConc,485558
10175,8,8,2020,2021,1559,1569,1956,100,2,411,3,1,5,11,0,8716,NridgHt,1Story,RL,Gd,Attchd,Y,PConc,607406
10176,6,9,1989,1993,918,594,1557,1004,3,493,2,0,5,5,1,14101,OldTown,2Story,RL,Gd,Attchd,Y,CBlock,434478
10177,8,4,1993,1997,1134,877,848,445,3,581,1,0,2,6,2,7329,Somerst,2Story,RL,Gd,Attchd,Y,CBlock,539476
10178,4,5,1971,1990,1606,1089,1004,426,2,438,1,0,2,5,1,6437,CollgCr,1Story,RL,Gd,Detchd,Y,PConc,403491
10179,10,9,1965,1996,2047,1846,1025,328,3,435,3,0,5,5,2,15764,Sawyer,SLvl,RL,TA,Attchd,Y,PConc,633930
10180,7,6,1962,1962,2227,881,1151,804,3,170,1,1,2,8,1,19461,BrkSide,1Story,RL,TA,Attchd,Y,CBlock,502590
10181,10,9,1965,1973,1851,784,855,293,3,577,3,1,4,6,0,6222,NAmes,1.5Fin,RL,TA,BuiltIn,Y,PConc,578988
10182,4,3,1963,1966,1629,830,1254,0,0,355,2,0,1,8,1,8076,Gilbert,1.5Fin,RL,Gd,Attchd,Y,CBlock,364669
10183,6,3,2003,2007,1837,1714,1608,246,0,614,2,0,5,3,0,13604,CollgCr,1Story,RL,Gd,Detchd,Y,BrkTil,502740
10184,8,8,1954,1960,1200,0,640,848,1,717,3,1,4,8,1,8206,OldTown,1Story,RL,TA,Attchd,Y,PConc,414835
10185,6,5,1994,1995,1431,649,705,700,1,446,2,1,3,3,1,11108,OldTown,1Story,RM,Gd,Detchd,Y,BrkTil,400906
10186,6,6,2017,2020,1129,2143,931,373,1,296,2,0,3,6,0,12076,CollgCr,SLvl,RL,Gd,Detchd,N,CBlock,477694
10187,4,5,2004,2017,938,1286,947,862,0,477,2,0,4,10,1,6600,NAmes,1Story,RL,Gd,Attchd,Y,CBlock,362725
10188,6,5,1978,1983,1650,608,1799,674,2,543,1,0,2,6,0,10265,Gilbert,1.5Fin,RM,Gd,Attchd,Y,Slab,498619
10189,4,9,1954,1958,1583,1033,1451,370,0,423,2,0,2,9,0,8476,Gilbert,1Story,RL,Ex,Attchd,Y,PConc,391197
10190,5,3,2009,2013,1809,1077,1431,400,3,378,2,0,2,6,1,4916,Crawfor,1Story,RL,Gd,Attchd,Y,BrkTil,446364
10191,8,8,1950,1951,1746,1388,1007,549,2,581,1,1,1,11,2,5445,Crawfor,SLvl,RL,TA,Attchd,Y,PConc,495652
10192,8,9,1998,2001,1609,1786,1000,200,3,570,2,1,5,11,0,6337,Edwards,1Story,RL,Ex,Detchd,Y,CBlock,528621
10193,7,7,1997,2020,1750,1205,592,451,0,418,2,0,4,11,0,12909,NAmes,2Story,RL,TA,Attchd,N,CBlock,451992
10194,5,5,1963,2011,1481,834,1374,543,1,182,1,0,3,6,0,13101,NAmes,1Story,RL,TA,Attchd,Y,PConc,409936
10195,10,4,2002,2009,1686,1365,1272,0,3,562,3,1,5,5,1,11912,Somerst,1Story,RH,TA,Attchd,Y,CBlock,635242
10196,3,7,1962,2009,1173,771,1550,393,1,342,3,0,4,8,0,10362,BrkSide,1Story,RL,TA,BuiltIn,Y,CBlock,320522
10197,5,6,1966,1971,1666,637,1026,359,2,519,2,0,3,10,1,10235,CollgCr,1Story,RL,Ex,Attchd,Y,CBlock,479907
10198,3,4,2007,2011,1801,346,1050,758,0,507,1,0,1,7,2,9631,CollgCr,2Story,C (all),Ex,Detchd,Y,CBlock,365078
10199,5,5,2019,2021,1199,424,1160,0,3,140,2,0,3,9,0,10211,Edwards,1Story,RL,TA,Detchd,Y,PConc,402900
10200,10,9,1968,1968,1523,691,1412,336,1,495,3,1,1,10,2,10527,BrkSide,1Story,RL,Fa,Attchd,Y,PConc,486676
10201,5,4,2015,2021,1219,579,585,305,3,573,1,0,4,9,1,4518,Edwards,1Story,RH,Gd,Attchd,Y,PConc,409562
10202,10,4,2014,2015,1263,1175,1358,738,1,595,3,0,1,6,1,5956,Sawyer,2Story,RL,TA,Attchd,Y,Slab,519785
10203,6,7,2004,2011,994,570,1093,437,0,501,3,0,3,5,1,5350,Edwards,1.5Fin,RL,Fa,Detchd,Y,CBlock,353117
10204,8,4,1959,2010,2070,0,729,989,2,124,1,1,2,6,2,13989,OldTown,2Story,RL,TA,Attchd,Y,CBlock,473053
10205,6,9,1971,2002,1980,632,400,649,1,710,1,1,1,8,1,17893,Edwards,SFoyer,RL,TA,Attchd,Y,CBlock,488956
10206,5,9,1998,2002,1742,861,1052,327,1,554,3,1,3,10,2,3203,Gilbert,1Story,RM,TA,CarPort,Y,CBlock,388265
10207,9,9,2020,2021,2387,808,1607,522,3,263,3,0,2,5,0,17188,Gilbert,1Story,RL,TA,Detchd,Y,PConc,650000
10208,10,9,2007,2007,1415,1658,1686,344,1,338,3,1,2,4,0,8838,Edwards,2Story,RM,TA,Attchd,Y,PConc,581085
10209,5,4,1979,2004,2864,805,1224,708,1,522,2,1,5,5,1,13407,CollgCr,1Story,RL,TA,Basment,N,CBlock,493874
10210,9,4,1966,1980,1398,1402,1787,50,2,602,2,1,2,8,0,10676,NAmes,2Story,FV,TA,Attchd,Y,PConc,534984
10211,5,5,2018,2019,1615,1042,1085,203,0,392,2,1,3,5,0,16252,NAmes,2Story,RL,Gd,Attchd,Y,BrkTil,474418
10212,8,6,1969,2006,1321,1033,1434,587,3,629,2,0,1,6,0,9341,NAmes,1Story,FV,Fa,Attchd,Y,PConc,544802
10213,9,9,1974,2012,1668,716,942,818,0,157,3,1,2,5,0,4602,CollgCr,SLvl,RL,Fa,CarPort,Y,CBlock,473596
10214,6,8,2018,2021,1876,1026,920,0,0,292,1,1,2,11,0,8105,Sawyer,1Story,RM,TA,Attchd,N,PConc,435522
10215,8,7,1989,1996,1449,744,863,862,0,108,1,1,4,7,2,10720,Gilbert,2Story,RM,Gd,BuiltIn,Y,CBlock,494966
10216,5,9,1968,1985,2300,1118,400,408,1,318,1,1,1,9,1,7713,Sawyer,1Story,RL,TA,Detchd,Y,Slab,379629
10217,3,7,1950,2013,1608,956,1550,0,2,751,3,1,5,7,0,11428,Sawyer,2Story,RL,Gd,Detchd,Y,PConc,403329
10218,3,5,1980,2020,1622,672,875,0,2,850,3,0,1,3,0,8252,Crawfor,1Story,RL,TA,Attchd,Y,PConc,394571
10219,6,5,2020,2021,1091,1447,819,0,3,522,1,1,4,5,2,6502,Crawfor,SLvl,RL,Gd,Attchd,Y,CBlock,463514
10220,10,6,1980,1987,1688,1221,687,444,3,365,1,1,1,10,2,5214,CollgCr,SLvl,RL,TA,Detchd,Y,PConc,599475
10221,4,3,1999,2002,1440,871,1028,430,1,440,1,0,5,7,0,7126,NAmes,2Story,RL,Fa,Attchd,Y,PConc,357624
10222,6,8,1967,2008,1226,1108,1717,640,3,565,1,0,4,9,1,9320,CollgCr,2Story,RH,Gd,Detchd,Y,CBlock,453783
10223,8,7,2005,2017,1151,1016,1833,285,0,199,2,0,5,9,0,3520,BrkSide,2Story,C (all),TA,Attchd,Y,PConc,438464
10224,4,8,2005,2007,2702,703,519,118,0,377,2,1,5,8,1,5984,NAmes,2Story,RL,TA,BuiltIn,Y,PConc,458062
10225,8,6,1993,2000,1381,1078,976,326,1,738,2,0,5,8,1,3461,OldTown,2Story,RL,Gd,Detchd,Y,PConc,513720
10226,5,8,2004,2010,844,802,738,460,2,292,1,1,4,5,2,6439,Somerst,2Story,RL,Gd,Detchd,Y,CBlock,430035
10227,9,9,1991,1995,1186,672,1446,519,0,345,2,0,5,5,1,14568,NridgHt,1.5Fin,RL,Gd,Detchd,Y,BrkTil,555029
10228,7,6,1976,2012,1477,401,1200,213,3,482,3,1,1,4,2,4984,NridgHt,2Story,C (all),TA,Attchd,Y,PConc,528010
10229,7,6,2002,2002,1746,907,877,720,1,531,2,1,4,5,2,11664,Gilbert,1Story,RL,TA,Attchd,Y,PConc,512979
10230,4,3,2009,2014,1750,1277,1125,264,1,367,3,0,5,8,2,30632,Somerst,SLvl,RL,Gd,Attchd,Y,CBlock,532024
10231,6,8,2009,2016,1804,772,933,189,2,494,3,0,2,11,2,16349,BrkSide,1Story,RL,Gd,Detchd,Y,CBlock,463809
10232,9,9,1965,1998,1210,2058,1665,287,1,589,3,1,5,6,2,9026,NAmes,1Story,RL,TA,Attchd,Y,PConc,570647
10233,3,7,1998,2004,1653,1404,1291,772,1,833,2,0,3,8,0,12508,BrkSide,SFoyer,C (all),Ex,Attchd,Y,CBlock,409993
10234,9,9,1950,1968,1106,1572,1334,410,3,457,1,1,3,10,2,4589,NridgHt,1Story,RL,TA,Attchd,Y,CBlock,566842
10235,6,9,1990,2008,1221,1368,400,242,1,473,2,1,2,9,2,4187,CollgCr,1Story,RL,Ex,Attchd,Y,PConc,500298
10236,8,8,1990,1994,1087,1791,1077,728,0,755,2,0,1,5,1,8610,Crawfor,2Story,RL,TA,Detchd,Y,PConc,480563
10237,8,6,1975,1981,965,735,1829,1093,2,381,3,1,5,5,2,10170,Crawfor,1.5Fin,RL,TA,Detchd,Y,CBlock,470795
10238,6,3,2020,2021,1979,26,1564,513,2,242,3,1,4,8,2,13909,BrkSide,1Story,RL,TA,Attchd,Y,PConc,469045
10239,5,3,2012,2017,1810,872,454,820,0,525,2,0,3,5,0,6581,BrkSide,2Story,RL,Gd,Attchd,Y,PConc,420175
10240,8,4,1952,1987,1939,1273,990,761,3,674,2,1,5,5,0,9273,Edwards,1Story,RL,TA,Detchd,Y,CBlock,542818
10241,4,6,1964,1968,1518,1111,679,268,1,545,3,0,1,8,2,9131,CollgCr,1Story,RL,TA,Detchd,Y,PConc,414510
10242,7,8,1964,1982,1850,1160,1699,458,0,463,3,1,4,8,1,8012,CollgCr,1Story,FV,TA,BuiltIn,N,PConc,487810
10243,3,6,2013,2019,707,1578,1185,65,0,219,3,0,3,5,2,8227,BrkSide,1Story,RM,Gd,BuiltIn,Y,PConc,349601
10244,8,3,1986,1990,1888,1203,831,389,2,469,2,1,4,3,1,5786,Gilbert,SLvl,RL,Gd,BuiltIn,Y,BrkTil,548093
10245,8,4,2001,2004,1580,1370,1112,262,0,702,2,1,1,9,1,9640,Crawfor,2Story,RL,TA,BuiltIn,Y,CBlock,508365
10246,3,9,2007,2010,1782,674,400,329,1,258,2,0,4,6,0,9280,BrkSide,1.5Fin,C (all),TA,Basment,Y,PConc,349412
10247,9,9,2004,2008,1671,612,720,225,2,436,2,0,4,8,0,6973,NridgHt,SLvl,RL,TA,Detchd,Y,PConc,598989
10248,6,5,1956,1967,1056,1696,1113,364,3,410,1,0,5,4,0,11469,NAmes,SLvl,RH,TA,Detchd,Y,Stone,468264
10249,9,8,1959,2011,826,1090,1396,610,1,354,1,0,2,5,1,13499,CollgCr,2Story,RL,TA,Detchd,Y,CBlock,466990
10250,3,8,1978,1982,1180,801,421,414,3,525,2,0,1,8,0,11529,Edwards,1Story,RL,Fa,Attchd,Y,CBlock,319206
10251,4,9,1974,1976,1754,801,967,0,1,560,2,1,1,4,2,5317,Gilbert,1.5Fin,RL,TA,Attchd,Y,PConc,411620
10252,6,9,2003,2010,1811,790,1453,226,3,558,1,0,1,5,0,8890,CollgCr,2Story,RM,Gd,CarPort,Y,PConc,472269
10253,4,7,1961,2007,884,766,592,0,1,304,1,1,2,9,2,5640,BrkSide,1Story,RL,Ex,Detchd,Y,PConc,324646
10254,5,5,1976,2011,1059,537,1180,523,0,184,3,0,5,9,0,8877,Sawyer,1Story,RL,TA,Attchd,Y,CBlock,363676
10255,8,7,1966,1969,1175,450,1123,601,2,527,2,1,1,6,0,5650,OldTown,1Story,RH,Gd,Attchd,Y,BrkTil,476106
10256,4,5,1963,1992,1339,972,1700,527,3,389,2,1,1,4,1,15101,BrkSide,1Story,RH,TA,Attchd,Y,PConc,404630
10257,8,5,1962,1990,887,813,1019,214,3,811,3,1,1,3,2,12092,NridgHt,2Story,RL,Gd,Attchd,Y,CBlock,547128
10258,3,7,1963,1967,860,1493,1040,524,3,819,1,0,2,8,2,14281,Sawyer,2Story,RL,Gd,Detchd,Y,BrkTil,337428
10259,4,6,1990,1994,1130,1167,1399,309,0,838,3,1,4,9,1,13645,Edwards,1Story,RL,TA,Detchd,Y,BrkTil,316159
10260,7,7,1979,1999,1539,1156,636,109,2,311,3,1,2,8,1,7525,Edwards,1Story,RL,TA,Detchd,Y,CBlock,460547
10261,9,5,1980,2018,969,753,1023,673,2,582,2,0,3,6,2,7018,NAmes,1.5Fin,RL,TA,Attchd,Y,PConc,535130
10262,4,5,1984,2010,1448,1002,940,695,2,637,2,0,2,3,2,18613,Somerst,1Story,RL,Gd,Attchd,Y,Slab,442406
10263,5,3,2002,2008,1976,1194,1051,735,0,617,3,1,5,5,2,7891,Gilbert,1Story,FV,Gd,Attchd,Y,PConc,424596
10264,10,7,2011,2011,914,1336,1397,267,0,416,1,0,1,3,0,4621,Crawfor,2Story,RM,TA,Attchd,Y,PConc,515229
10265,10,7,1987,1989,1407,1012,1294,804,2,710,1,0,2,7,1,13376,BrkSide,1.5Fin,FV,TA,Detchd,Y,PConc,526734
10266,7,9,1995,2000,1961,1482,838,302,3,480,3,1,3,5,2,9068,NAmes,2Story,RL,Gd,Attchd,Y,CBlock,554419
10267,6,6,2002,2005,1312,1053,1148,646,0,503,1,1,5,3,1,16739,Crawfor,2Story,RL,TA,CarPort,Y,PConc,412756
10268,5,6,1999,2004,1242,1367,1622,297,0,203,3,1,3,8,0,9482,NAmes,1Story,RL,Gd,Detchd,Y,CBlock,408995
10269,7,3,1959,1963,2024,854,809,383,1,596,3,1,1,6,1,8424,NAmes,SLvl,RL,TA,Attchd,Y,Slab,458723
10270,7,4,2019,2021,1362,325,1151,0,1,433,2,0,3,11,0,16892,Sawyer,2Story,RL,Gd,Attchd,Y,CBlock,490331
10271,5,5,1961,1970,1997,1157,1032,359,3,564,1,0,2,6,1,4254,BrkSide,2Story,RL,Fa,Attchd,Y,Slab,415310
10272,3,5,1979,2004,1693,1340,1078,477,3,522,3,1,2,3,1,6532,Crawfor,1Story,RL,Gd,Attchd,Y,BrkTil,420803
10273,4,5,1996,2001,1346,1280,529,327,2,513,3,1,5,9,2,5702,Gilbert,2Story,RL,TA,CarPort,Y,CBlock,396981
10274,10,5,1978,2020,1716,1219,1594,977,3,472,2,0,5,9,2,3165,CollgCr,1Story,RL,TA,Detchd,Y,CBlock,612283
10275,6,8,1967,1969,1644,911,829,101,0,622,1,0,2,11,2,12591,CollgCr,1Story,RL,Gd,BuiltIn,Y,BrkTil,443807
10276,6,3,2015,2021,1959,727,1459,281,3,444,2,0,3,9,2,6614,NAmes,2Story,RL,Gd,Detchd,Y,CBlock,465229
10277,6,5,1955,1973,1253,1271,883,179,1,218,2,0,3,6,0,12775,NridgHt,2Story,RL,TA,Basment,Y,PConc,493074
10278,9,4,1967,2003,1519,1221,881,281,1,582,1,0,5,9,2,10126,Somerst,1Story,RL,TA,Basment,Y,BrkTil,557409
10279,3,5,2020,2021,1472,826,1525,759,0,334,2,1,5,10,1,11171,NAmes,1.5Fin,RL,TA,Attchd,Y,CBlock,350457
10280,3,7,2001,2004,1817,1494,1448,893,0,242,1,1,2,7,2,6925,Edwards,1Story,RL,TA,Attchd,Y,BrkTil,303976
10281,5,3,1956,2010,1039,697,1173,240,0,296,3,1,1,10,0,6026,Somerst,2Story,RL,Gd,Attchd,N,PConc,389290
10282,6,5,2003,2010,1958,817,1366,233,1,531,2,0,1,11,1,8850,Sawyer,1Story,RL,TA,Attchd,Y,PConc,450533
10283,8,3,2018,2021,1710,1705,999,103,0,463,3,0,1,9,0,12854,Edwards,1Story,RL,Gd,Detchd,Y,CBlock,512201
10284,6,9,1956,2003,907,1397,1097,842,0,96,2,1,4,7,1,8309,OldTown,1.5Fin,RL,TA,Attchd,Y,CBlock,330554
10285,6,8,1979,2009,2044,907,868,786,2,411,3,1,4,7,0,6198,Sawyer,1Story,RL,TA,BuiltIn,Y,PConc,481365
10286,10,4,1983,1987,2505,1165,1416,418,3,690,3,1,5,10,0,4956,Sawyer,SLvl,RL,TA,Attchd,Y,BrkTil,614797
10287,4,4,1959,1989,1951,1112,857,31,0,399,1,0,1,10,0,9318,CollgCr,1Story,RM,Gd,BuiltIn,Y,CBlock,395621
10288,7,3,1964,1965,2142,0,1620,58,2,450,2,0,1,5,0,6624,NAmes,2Story,RM,Gd,Attchd,Y,PConc,465987
10289,7,6,1962,1971,1538,687,989,501,3,668,3,1,1,3,2,8230,Crawfor,1Story,RL,TA,Attchd,Y,CBlock,497656
10290,6,8,1963,1992,752,1030,1107,615,1,623,2,1,4,10,2,7634,Gilbert,2Story,RM,Gd,BuiltIn,Y,PConc,478883
10291,9,7,1978,1978,670,907,1366,0,0,664,1,1,1,5,0,6959,CollgCr,SLvl,RL,TA,Attchd,Y,CBlock,433610
10292,5,9,1982,2020,1615,1149,1108,354,0,0,3,0,4,11,2,9701,Somerst,2Story,RL,TA,Detchd,Y,PConc,434313
10293,10,5,1966,2018,1234,1502,996,935,3,792,1,0,5,3,1,10909,NridgHt,1Story,RL,Gd,Basment,Y,PConc,603865
10294,5,4,1970,1975,1088,921,1089,385,1,595,3,0,1,11,0,20583,NAmes,2Story,C (all),Gd,Attchd,Y,Slab,382323
10295,7,6,1963,1978,1472,627,1413,897,0,923,3,0,4,9,2,11955,CollgCr,2Story,RL,TA,Attchd,Y,PConc,449483
10296,7,4,2006,2010,1777,1180,868,645,3,339,1,0,3,5,0,17413,Crawfor,1Story,RL,TA,Attchd,N,CBlock,537009
10297,9,9,1965,1985,846,919,1056,125,3,163,1,1,5,3,0,5881,Somerst,2Story,RL,Gd,Attchd,Y,CBlock,525439
10298,6,4,2014,2020,1298,988,1104,362,2,481,3,0,2,10,0,4136,CollgCr,2Story,RL,Gd,None,Y,PConc,474239
10299,5,6,1988,1995,2179,933,1403,411,0,430,2,1,2,4,0,8445,Gilbert,2Story,RL,Gd,BuiltIn,Y,Slab,477925
10300,3,6,2006,2012,1016,1947,1065,164,0,598,3,0,1,3,1,12506,Edwards,1Story,RL,TA,Attchd,Y,PConc,332152
10301,5,3,1995,1995,1891,154,1733,159,0,673,3,1,4,10,0,11653,NridgHt,1Story,RM,TA,Detchd,Y,CBlock,436476
10302,9,6,1968,1992,1282,895,1045,902,0,464,1,0,5,9,0,14661,OldTown,SFoyer,RL,TA,CarPort,Y,CBlock,468825
10303,3,6,1992,1993,1746,1049,1017,157,2,437,3,0,1,4,1,2715,NAmes,2Story,RL,Fa,Attchd,Y,CBlock,358446
10304,10,4,1969,2006,1994,738,1040,774,1,574,2,1,3,6,1,14938,CollgCr,2Story,RM,TA,Attchd,Y,PConc,621084
10305,7,3,1958,1999,1834,1410,639,319,3,434,3,1,4,8,2,9885,Crawfor,SFoyer,RL,TA,BuiltIn,Y,CBlock,581227
10306,4,3,1968,2003,1909,1375,737,442,0,419,1,0,4,8,0,4243,NridgHt,1Story,RL,Gd,Detchd,Y,Slab,436334
10307,5,3,1969,1983,982,1031,914,619,2,667,1,1,5,6,1,11771,BrkSide,1Story,RL,TA,Attchd,Y,CBlock,391248
10308,7,6,1959,2013,2001,942,1498,270,3,707,2,0,4,6,0,9174,NAmes,2Story,RL,TA,Detchd,Y,CBlock,534298
10309,5,3,1951,1977,1116,1005,1088,620,0,675,2,1,5,3,2,10091,Gilbert,2Story,RL,TA,Attchd,N,PConc,386632
10310,3,9,2017,2021,1617,1008,930,0,2,450,2,1,5,3,0,13325,Somerst,SFoyer,RL,TA,Detchd,Y,PConc,434321
10311,8,4,1986,1986,1616,1019,1529,582,2,95,1,1,5,11,2,10316,Sawyer,2Story,RL,Gd,Detchd,Y,CBlock,507632
10312,8,7,1978,1984,1718,975,1643,0,0,453,2,0,3,5,2,4381,OldTown,1Story,RL,TA,Attchd,Y,PConc,491964
10313,3,7,2016,2016,1652,1151,1539,382,1,344,3,0,3,11,0,7970,NridgHt,1Story,RM,TA,BuiltIn,Y,CBlock,416545
10314,5,6,1965,1989,1120,1351,801,706,3,457,3,1,3,3,0,4105,NAmes,1Story,RM,Fa,Attchd,Y,PConc,365828
10315,4,9,1978,2002,893,558,927,637,3,359,3,0,5,11,0,11383,NAmes,SLvl,RL,Gd,Detchd,Y,PConc,395445
10316,8,3,2010,2014,1893,630,1735,60,1,476,1,1,2,6,1,15945,Gilbert,1Story,RL,Fa,Detchd,Y,PConc,488525
10317,8,4,1994,2011,1584,351,1184,99,0,293,3,0,4,10,1,4862,NAmes,2Story,RM,TA,Attchd,Y,PConc,457342
10318,8,4,1978,1984,2017,1397,1006,243,0,249,2,0,4,10,1,6283,NAmes,1Story,RL,TA,Attchd,Y,CBlock,532577
10319,10,3,1968,1987,1480,1150,1351,506,3,700,3,0,1,6,1,5714,BrkSide,1Story,RL,Gd,Attchd,Y,CBlock,597793
10320,9,5,1952,2016,868,1252,1453,0,2,305,3,0,3,9,2,6930,CollgCr,1Story,RL,TA,Detchd,Y,PConc,523995
10321,5,5,1956,1988,1935,478,900,446,1,480,1,0,1,6,1,10233,NridgHt,2Story,RL,TA,Detchd,Y,PConc,373288
10322,3,8,1961,1998,1333,1764,1177,543,0,652,3,0,4,10,0,6964,BrkSide,1Story,RL,TA,Attchd,Y,PConc,356597
10323,7,5,2005,2014,1654,806,1424,365,3,645,2,0,3,11,0,11401,Sawyer,SFoyer,RL,Fa,None,Y,CBlock,465675
10324,10,9,1995,2019,1209,1117,694,608,1,623,3,0,2,10,2,13729,NAmes,SLvl,RL,Gd,BuiltIn,Y,PConc,612379
10325,10,8,1980,1985,2240,1392,1104,517,2,535,2,1,1,9,0,13955,Somerst,1Story,RL,TA,Attchd,Y,CBlock,647824
10326,4,9,2005,2009,1106,655,710,288,3,610,1,1,1,6,0,5139,Somerst,1.5Fin,RL,Gd,Attchd,N,CBlock,391300
10327,4,3,1961,1963,1348,831,756,0,2,727,3,1,4,3,0,15859,OldTown,1Story,RL,Gd,Detchd,Y,PConc,364198
10328,3,9,1964,1988,1548,1122,903,490,3,557,1,1,5,7,1,16441,Gilbert,1Story,RL,Gd,Attchd,Y,PConc,403898
10329,4,7,1977,2015,1009,2193,1267,164,2,149,3,0,2,4,0,17095,Crawfor,1Story,RL,Gd,None,Y,PConc,402765
10330,7,9,2015,2019,1649,1170,987,276,1,385,1,1,5,7,1,7917,NAmes,1.5Fin,RL,Gd,Detchd,Y,PConc,506948
10331,7,5,1993,1995,2225,1693,873,594,3,605,3,1,3,10,2,6060,NAmes,2Story,RL,Ex,Attchd,Y,PConc,615231
10332,5,9,2010,2016,1279,1532,1118,875,2,367,2,0,2,4,2,5458,Sawyer,1Story,RL,Ex,Attchd,Y,Slab,469546
10333,5,7,1967,1977,1678,1197,699,439,3,772,1,1,3,11,1,5177,Edwards,2Story,RM,TA,Attchd,Y,PConc,390497
10334,9,3,2010,2017,500,654,1250,616,0,469,1,1,4,8,2,8545,Gilbert,2Story,RL,Gd,Detchd,Y,PConc,446968
10335,6,5,1955,2019,1482,1474,1496,17,2,495,1,1,5,3,1,12448,NAmes,2Story,RH,Ex,Attchd,Y,CBlock,494325
10336,9,3,1966,1987,1359,451,1072,524,2,682,3,0,3,9,2,15303,NAmes,2Story,RL,Gd,BuiltIn,Y,BrkTil,525014
10337,10,9,1987,1990,1132,1690,1029,432,0,447,3,1,2,3,0,6832,Sawyer,1.5Fin,RL,Gd,Detchd,Y,CBlock,529233
10338,5,5,1953,1956,1987,1130,1231,819,1,512,3,1,4,8,2,8353,Crawfor,2Story,RL,Ex,Basment,Y,CBlock,433087
10339,4,4,2010,2011,1353,0,400,288,3,642,2,1,3,7,0,8111,NAmes,1Story,RM,Fa,Attchd,Y,PConc,395134
10340,10,6,2011,2016,1420,914,1288,378,2,215,2,1,2,9,0,6387,BrkSide,1.5Fin,RL,TA,Attchd,Y,CBlock,526083
10341,8,5,1988,2004,1330,1312,2186,768,3,429,3,1,3,6,0,11836,Edwards,1Story,RL,Gd,BuiltIn,Y,CBlock,571278
10342,5,3,1971,1978,637,955,1057,422,0,629,1,0,3,4,1,10008,NAmes,2Story,RL,TA,Attchd,Y,CBlock,339672
10343,7,8,1957,1957,991,1336,1058,117,0,492,3,1,1,6,1,9060,Somerst,2Story,RL,Gd,Attchd,Y,PConc,445960
10344,7,8,1993,1998,1932,710,1360,1215,3,744,2,0,1,9,0,9987,CollgCr,1Story,RL,TA,None,Y,PConc,541829
10345,10,8,1988,2003,551,528,1676,126,1,196,2,0,4,11,2,11212,Sawyer,1Story,RM,Fa,BuiltIn,N,CBlock,473913
10346,5,7,2003,2004,1155,1021,1441,431,3,176,2,0,1,4,0,11162,OldTown,2Story,RL,Gd,Basment,Y,PConc,402371
10347,10,5,1992,2009,1320,1063,400,554,3,619,3,1,3,6,1,5828,Somerst,1.5Fin,RM,Gd,Attchd,N,CBlock,615298
10348,10,6,1959,1965,2285,911,1297,530,1,636,3,1,4,10,1,12723,CollgCr,1.5Fin,RL,TA,Detchd,Y,PConc,615531
10349,4,6,1958,1960,1846,1541,2000,393,3,445,3,1,2,5,1,9535,Gilbert,2Story,RM,Gd,Attchd,Y,CBlock,470840
10350,4,4,2005,2013,1249,710,1318,395,3,552,1,0,2,5,2,6990,Crawfor,1Story,RH,Gd,Attchd,Y,PConc,405102
10351,7,3,1961,2015,2087,1175,696,380,0,614,1,1,5,10,2,9445,Edwards,1Story,RL,TA,Attchd,N,BrkTil,460806
10352,3,4,2016,2021,1167,1077,1199,115,0,334,3,1,1,7,2,9925,Edwards,2Story,C (all),TA,BuiltIn,Y,CBlock,346909
10353,5,6,1957,1962,1954,427,652,1095,0,353,3,1,4,8,2,13830,Crawfor,1Story,RM,Gd,Attchd,Y,CBlock,450676
10354,6,4,2001,2007,889,522,1531,384,2,514,1,1,1,7,2,5308,NAmes,2Story,RL,TA,Detchd,Y,PConc,411277
10355,10,3,2019,2021,1983,1055,765,629,0,643,3,0,5,8,1,15430,Gilbert,1Story,RL,Gd,BuiltIn,Y,CBlock,644465
10356,10,8,1981,1999,1317,1842,1126,350,1,270,1,0,3,5,1,8589,Somerst,1Story,RL,Gd,BuiltIn,Y,PConc,595854
10357,4,5,1954,2010,1037,1282,800,344,1,444,3,1,1,9,0,6769,BrkSide,2Story,RL,TA,Attchd,Y,PConc,342008
10358,10,7,2012,2019,1402,360,909,313,0,436,3,1,4,6,2,6676,OldTown,2Story,RL,TA,Detchd,Y,PConc,494176
10359,3,6,1963,1968,1625,0,1620,0,1,555,2,0,1,7,2,5417,OldTown,2Story,RL,TA,Detchd,Y,PConc,299023
10360,8,8,1987,2003,1277,1343,1136,402,2,478,1,0,2,4,2,3883,OldTown,1Story,RL,TA,Attchd,Y,CBlock,460263
10361,9,8,2019,2021,1749,1012,904,328,3,382,3,1,3,3,2,11529,NAmes,1.5Fin,RL,TA,Attchd,Y,PConc,608399
10362,10,5,2002,2009,1238,1507,699,801,1,705,1,0,4,8,2,20728,CollgCr,2Story,RL,TA,Detchd,Y,CBlock,591237
10363,4,8,1953,2013,1779,698,445,91,2,383,2,0,3,4,2,4105,Crawfor,2Story,RL,TA,BuiltIn,Y,CBlock,415911
10364,10,5,2008,2009,1699,1190,662,277,2,427,2,1,5,11,0,5542,CollgCr,2Story,C (all),Gd,None,Y,CBlock,583891
10365,3,8,1961,2012,1473,1388,1139,180,1,194,1,0,3,11,0,11921,NAmes,1Story,RL,TA,Attchd,N,PConc,323356
10366,7,5,2003,2009,1301,871,1443,883,2,352,2,0,2,5,1,8327,CollgCr,2Story,RL,Gd,Attchd,Y,CBlock,504721
10367,6,3,1994,1994,1568,880,904,189,3,573,3,1,2,5,1,12373,Edwards,2Story,RL,TA,Attchd,Y,CBlock,458745
10368,5,8,1970,1972,1748,1060,1650,619,0,538,1,1,5,7,2,8120,Somerst,2Story,C (all),Gd,None,Y,PConc,423891
10369,3,3,1980,2015,2428,1267,849,741,2,588,2,0,4,4,2,6546,NAmes,2Story,RL,TA,BuiltIn,Y,PConc,478580
10370,9,8,1958,1999,1923,1044,1017,406,0,579,1,1,1,10,2,7679,Gilbert,1Story,RL,TA,None,Y,PConc,525534
10371,5,3,2020,2021,1939,1440,722,37,3,856,2,0,4,3,2,2910,Gilbert,SLvl,RL,TA,Detchd,Y,PConc,489867
10372,8,4,1966,2017,2890,865,1447,41,2,345,1,0,3,7,0,5081,CollgCr,1Story,RL,Gd,Attchd,Y,PConc,594030
10373,6,7,1971,1974,1732,519,1834,708,0,189,1,0,2,4,1,13024,Gilbert,1Story,RL,Gd,Detchd,Y,PConc,458191
10374,5,9,1985,1991,1718,1841,483,72,2,291,2,1,1,10,0,14533,OldTown,2Story,RL,TA,Attchd,Y,CBlock,426377
10375,10,5,1997,2003,1817,808,979,568,1,353,1,0,5,4,1,16004,Edwards,1Story,RL,Fa,Attchd,Y,CBlock,537730
10376,3,3,1985,1997,1046,823,1543,484,0,305,1,0,1,7,1,10365,Crawfor,SFoyer,RL,TA,Attchd,Y,PConc,326652
10377,8,4,1985,1987,1300,1024,594,563,3,497,3,1,5,10,2,3080,BrkSide,1Story,C (all),Gd,Attchd,Y,Slab,522064
10378,8,9,1991,1997,1272,1077,1298,591,1,705,3,1,1,6,0,6387,OldTown,1Story,RL,Gd,Attchd,N,PConc,463221
10379,6,8,2010,2016,1791,895,1528,170,0,757,1,1,3,4,1,15428,Somerst,1Story,RH,TA,CarPort,Y,PConc,457264
10380,5,3,1978,2003,1422,1043,1127,157,2,571,3,1,1,4,2,17645,OldTown,1Story,RL,Ex,Detchd,Y,PConc,458255
10381,3,5,2009,2016,1562,1034,1293,664,1,865,2,0,3,8,1,15694,Somerst,1Story,RL,TA,BuiltIn,Y,PConc,444468
10382,10,4,2005,2020,1989,1120,1716,261,2,416,1,1,5,4,0,7643,Sawyer,1Story,RL,TA,Attchd,Y,CBlock,619064
10383,10,4,2018,2021,1888,107,1782,0,0,186,3,0,3,6,0,4721,NAmes,1Story,RL,Gd,Detchd,Y,PConc,514378
10384,4,8,2014,2021,1427,1802,1078,645,3,670,2,1,3,8,1,8346,BrkSide,1Story,RL,Gd,Attchd,Y,CBlock,492035
10385,3,7,2006,2010,1199,991,914,139,1,149,1,1,1,6,1,8557,Sawyer,1Story,RL,Ex,Attchd,Y,BrkTil,342239
10386,3,4,1967,1970,2011,1282,778,590,1,344,1,0,5,10,2,17194,NAmes,1Story,RL,TA,Attchd,Y,PConc,417824
10387,3,7,2004,2009,1848,499,1442,868,3,574,3,0,2,9,1,9418,BrkSide,1Story,RL,TA,Attchd,Y,CBlock,376077
10388,9,5,2002,2002,777,862,620,455,2,462,1,1,3,4,1,8564,Sawyer,1Story,RL,Gd,BuiltIn,Y,CBlock,470692
10389,10,3,1970,1973,1359,781,1012,749,0,446,2,1,5,10,1,8786,OldTown,1Story,RM,TA,BuiltIn,Y,CBlock,471745
10390,4,6,1998,2003,1574,1638,1136,496,2,267,1,0,4,11,0,10176,Somerst,1Story,RL,Gd,Attchd,Y,PConc,451124
10391,8,4,1967,2009,1850,816,924,926,2,478,3,0,4,4,0,11268,BrkSide,1Story,RL,TA,Detchd,Y,CBlock,517096
10392,4,4,1987,1992,1910,1353,1198,131,1,661,3,1,1,6,1,6135,Crawfor,1Story,RL,TA,Attchd,Y,PConc,434395
10393,5,9,2006,2009,1628,790,1998,448,0,484,2,1,3,6,2,5281,OldTown,SLvl,RL,Gd,Attchd,Y,PConc,408219
10394,7,7,1963,1964,1763,869,1057,652,0,331,2,0,3,6,1,15750,NridgHt,1Story,RH,Gd,Detchd,Y,BrkTil,521116
10395,8,3,1973,1984,1529,952,948,393,3,255,2,1,1,7,0,4062,BrkSide,1Story,RL,TA,BuiltIn,Y,PConc,495066
10396,9,8,2006,2010,1197,1564,1455,796,0,334,2,0,2,11,2,17762,Crawfor,2Story,FV,Gd,BuiltIn,Y,PConc,579962
10397,3,7,1982,2010,1382,294,1184,320,2,551,3,0,5,8,0,3598,NAmes,2Story,RL,Gd,Attchd,Y,PConc,432673
10398,4,9,2018,2020,1509,524,1604,1071,3,542,3,0,5,11,2,6534,Somerst,1Story,RL,TA,Detchd,Y,BrkTil,440355
10399,5,8,1950,2003,1484,271,1158,1087,1,336,1,1,5,6,2,13163,BrkSide,2Story,RL,TA,Attchd,Y,PConc,379475
10400,5,5,2001,2001,651,615,1013,535,0,82,3,0,5,7,2,8501,NAmes,2Story,RL,TA,Attchd,Y,PConc,376542
10401,10,6,2007,2010,1321,725,476,616,2,556,1,0,5,3,0,4700,Edwards,SFoyer,RL,TA,Attchd,Y,CBlock,534137
10402,9,6,2015,2017,1525,404,533,808,2,318,1,0,1,5,0,10298,NridgHt,SLvl,RL,TA,Attchd,Y,PConc,575811
10403,5,8,1961,1994,1373,756,458,94,0,604,2,0,5,8,1,8760,Somerst,2Story,FV,Ex,Attchd,Y,PConc,451151
10404,10,4,2019,2021,1389,244,1233,56,2,344,1,0,4,4,2,7713,Sawyer,2Story,RL,Gd,Attchd,Y,CBlock,592597
10405,6,5,1977,1984,1720,643,623,827,0,302,3,1,5,11,2,6419,NAmes,1Story,RL,TA,Detchd,Y,Slab,444342
10406,7,4,1974,1995,1014,1530,1539,532,1,508,3,1,4,5,1,8369,Gilbert,1.5Fin,RL,Gd,Attchd,Y,CBlock,489244
10407,6,5,1975,1982,767,1211,1111,382,1,904,1,0,1,4,0,6542,OldTown,2Story,RL,Gd,Attchd,N,PConc,347460
10408,4,4,1995,2006,1343,1125,1015,453,3,615,1,1,3,10,2,25422,Gilbert,1Story,RL,Gd,None,Y,PConc,459147
10409,10,3,1996,2006,1844,649,805,0,3,505,2,1,4,3,2,7630,Edwards,1Story,RL,Ex,Basment,Y,CBlock,588003
10410,3,9,1983,1994,2259,436,1318,393,2,545,3,0,1,5,1,7184,NAmes,2Story,RL,TA,Attchd,Y,PConc,418798
10411,4,3,1955,2017,1852,594,818,224,2,165,2,0,3,4,1,6661,Crawfor,2Story,RL,TA,Attchd,Y,CBlock,415941
10412,4,9,2020,2021,839,1033,755,725,0,278,3,1,4,9,0,18910,Gilbert,1.5Fin,RL,Gd,Attchd,Y,CBlock,457634
10413,5,3,1965,1971,1395,1397,1516,749,0,28,1,0,3,10,2,4065,OldTown,1Story,RM,TA,None,Y,BrkTil,343857
10414,4,8,1956,1993,1615,1411,1224,623,3,791,2,0,4,4,0,9992,CollgCr,1.5Fin,RL,Gd,Attchd,Y,PConc,433628
10415,3,5,1992,2005,1580,1302,1018,569,1,755,1,0,1,6,2,7632,NridgHt,1Story,RH,Gd,Attchd,Y,Slab,409390
10416,8,6,1979,1986,1743,755,1325,1,2,551,1,1,2,7,2,4480,Crawfor,2Story,RL,TA,Detchd,Y,PConc,463074
10417,10,4,1993,2000,1087,1060,1103,627,2,504,3,1,5,9,2,5880,OldTown,1Story,RL,TA,Detchd,Y,CBlock,485167
10418,3,6,2012,2015,1529,921,1234,639,1,201,1,0,3,6,2,9803,Crawfor,1Story,FV,Gd,Attchd,Y,PConc,397595
10419,5,6,1956,2009,1689,970,814,824,2,441,1,0,1,7,2,5761,OldTown,1Story,RL,Gd,Attchd,Y,CBlock,387734
10420,7,6,1970,1987,1872,1865,1825,1085,2,803,2,1,1,7,0,9553,Sawyer,1Story,RL,TA,Attchd,Y,PConc,549767
10421,10,5,1986,2019,1137,345,897,0,0,504,3,1,3,3,1,18508,Edwards,1Story,RL,TA,Attchd,Y,PConc,552782
10422,8,6,2005,2011,1345,956,1645,333,2,378,2,0,5,8,1,9178,NAmes,1.5Fin,RL,Gd,Attchd,Y,PConc,527277
10423,9,8,1992,1999,500,1535,1034,227,0,164,1,0,1,8,2,4419,Crawfor,1Story,RL,Gd,BuiltIn,Y,PConc,482129
10424,7,6,1977,1998,1220,464,1382,502,1,728,3,0,1,11,2,5807,CollgCr,2Story,RL,Gd,Detchd,Y,Slab,484459
10425,6,5,1993,1997,1264,793,1357,454,3,467,2,0,2,7,1,7476,Crawfor,2Story,RM,TA,Detchd,Y,CBlock,475756
10426,4,3,2019,2020,1041,838,1501,380,3,164,3,1,2,11,1,7254,NAmes,1Story,RL,TA,Detchd,Y,CBlock,365527
10427,9,5,1984,1989,1575,961,806,758,0,314,1,1,1,6,0,9102,CollgCr,1.5Fin,RL,Gd,Detchd,Y,CBlock,480689
10428,9,3,2012,2015,1475,412,1476,120,2,250,3,1,2,9,0,9783,Crawfor,2Story,RL,Gd,Attchd,Y,PConc,556796
10429,3,4,2005,2005,500,1288,1746,138,2,456,1,1,4,11,1,18519,NridgHt,2Story,RL,Gd,Detchd,Y,PConc,410606
10430,8,9,1971,1973,1597,1317,1009,143,2,517,3,1,5,4,2,8486,CollgCr,1.5Fin,RL,TA,Attchd,Y,PConc,546439
10431,3,3,1967,1972,1082,1253,1112,342,3,389,2,1,2,8,2,5061,NridgHt,2Story,RL,TA,Attchd,Y,CBlock,411121
10432,8,6,2004,2010,1719,702,917,81,0,620,3,0,4,11,1,14286,CollgCr,SFoyer,RL,TA,Attchd,Y,CBlock,573562
10433,9,8,1964,2013,923,1085,979,435,2,494,2,0,5,8,0,15006,BrkSide,1Story,RL,TA,Detchd,Y,PConc,468801
10434,4,9,1973,2008,1514,690,1699,400,1,671,1,1,1,11,2,9437,NAmes,1Story,RL,Gd,Detchd,Y,PConc,376524
10435,6,4,1966,1976,1373,917,749,214,0,416,1,0,5,6,1,7608,Somerst,2Story,RL,TA,Attchd,Y,PConc,399264
10436,3,4,1993,1996,1636,1911,770,712,1,1028,2,1,1,10,1,11248,NAmes,1Story,RM,Gd,Attchd,Y,CBlock,392466
10437,7,5,1970,2018,1556,1088,1664,432,0,378,1,0,4,8,1,7730,Sawyer,2Story,RL,Gd,BuiltIn,Y,PConc,469111
10438,10,6,1996,1996,1385,575,1319,769,2,317,2,0,4,7,2,3370,Crawfor,1Story,RL,TA,Attchd,N,PConc,534046
10439,3,9,2016,2018,809,1122,1842,391,2,295,1,0,5,4,0,10953,BrkSide,1Story,RL,TA,Attchd,Y,PConc,344906
10440,6,4,2008,2010,835,509,942,443,2,442,2,0,3,4,0,12700,OldTown,1.5Fin,RL,Ex,BuiltIn,Y,PConc,434762
10441,10,4,2017,2017,1237,570,1144,281,0,170,1,0,4,5,0,16258,CollgCr,1Story,RL,TA,Detchd,Y,CBlock,527428
10442,5,4,1951,1981,1496,634,869,448,3,533,1,0,1,9,2,6118,NAmes,1Story,FV,TA,Attchd,N,Stone,383343
10443,4,9,1982,2009,1226,872,1150,664,0,137,2,0,3,7,0,9411,BrkSide,2Story,RL,TA,Attchd,N,PConc,321158
10444,6,3,1965,2011,1781,1425,479,327,1,509,2,0,5,6,0,9503,NAmes,2Story,RL,TA,None,Y,PConc,433303
10445,7,5,2015,2015,1374,1281,1340,606,1,237,2,1,1,7,1,8833,NridgHt,1.5Fin,RM,Gd,Attchd,Y,PConc,542461
10446,8,3,2000,2003,1066,1259,1213,206,2,411,2,0,1,6,2,8951,OldTown,1Story,RM,TA,Basment,Y,CBlock,471494
10447,5,4,1972,1976,1375,610,1080,678,1,589,2,1,4,10,1,8643,Crawfor,1.5Fin,RL,Gd,BuiltIn,Y,CBlock,374114
10448,10,9,1990,1994,1602,833,963,276,3,895,2,0,3,6,2,9350,Somerst,2Story,RM,Gd,Basment,Y,CBlock,626639
10449,7,3,1992,1999,1646,1159,787,706,3,286,2,1,3,7,2,11862,Somerst,1.5Fin,RL,Gd,Attchd,Y,CBlock,548104
10450,5,5,1985,1988,2345,799,1355,468,3,453,3,1,2,8,1,14720,BrkSide,1Story,RL,Gd,Attchd,Y,Slab,481924
10451,10,9,1983,1986,1199,939,690,906,0,350,2,1,1,8,1,6048,Crawfor,1Story,RL,TA,Attchd,Y,PConc,486270
10452,10,7,1953,1960,1467,1227,1279,104,3,323,2,1,4,6,1,7866,NridgHt,2Story,RM,TA,Attchd,Y,PConc,610285
10453,6,3,1982,2005,1692,910,1826,7,0,351,3,0,2,3,2,7028,Gilbert,2Story,RL,TA,Attchd,Y,PConc,469666
10454,3,6,1974,1977,1489,1140,1620,265,3,628,2,1,4,9,0,6590,NridgHt,1Story,RL,Fa,Attchd,Y,CBlock,409719
10455,7,9,2008,2009,1275,1687,573,35,3,392,3,0,3,8,2,4108,Edwards,2Story,RL,TA,Attchd,Y,PConc,481010
10456,7,5,2011,2016,803,981,912,35,0,885,2,1,2,8,1,8593,NAmes,2Story,RL,TA,Detchd,Y,BrkTil,419615
10457,4,6,2003,2003,1270,1522,1248,636,0,555,1,0,2,7,2,10546,Sawyer,1Story,RL,Gd,Attchd,Y,CBlock,409634
10458,8,6,1952,1976,1017,1274,1075,449,2,298,2,0,4,7,1,7927,Sawyer,2Story,RL,Gd,Attchd,Y,Slab,459190
10459,9,7,2009,2015,723,463,610,306,0,414,3,1,2,11,2,8466,NAmes,1Story,RL,TA,Attchd,Y,Slab,469506
10460,3,4,1978,2017,1142,609,1235,334,3,336,1,1,5,3,0,10261,CollgCr,1.5Fin,RL,TA,Detchd,Y,CBlock,307606
10461,8,8,1979,1979,1029,717,1096,271,2,624,1,1,3,3,0,16040,Sawyer,2Story,RL,Gd,Attchd,Y,CBlock,454146
10462,4,9,2017,2021,1763,708,1770,945,2,185,2,1,5,11,0,7037,NAmes,2Story,RL,TA,Detchd,Y,CBlock,403977
10463,8,3,2011,2019,1770,1014,1011,229,3,239,3,1,3,10,2,5017,Sawyer,SLvl,RL,Gd,Attchd,Y,PConc,600911
10464,6,8,1953,1966,1093,1296,1509,53,0,374,2,1,3,6,2,8161,Sawyer,2Story,RH,Gd,Detchd,Y,CBlock,381197
10465,3,8,1975,2017,1383,1552,657,689,2,603,2,1,3,7,2,19839,OldTown,1Story,RL,Gd,BuiltIn,Y,Slab,466344
10466,10,8,2003,2007,664,1173,740,385,3,702,2,0,3,7,0,5041,CollgCr,2Story,RL,Gd,Detchd,N,CBlock,543517
10467,4,5,1988,1990,1278,872,1353,1062,0,728,2,1,3,11,0,11389,OldTown,SFoyer,RL,Gd,Detchd,Y,CBlock,304528
10468,7,6,1968,1974,1680,217,1479,292,0,575,1,1,5,7,1,14312,OldTown,1Story,FV,TA,CarPort,Y,PConc,428356
10469,4,8,1987,1989,1871,1078,765,704,0,465,2,1,4,9,2,2932,NridgHt,2Story,RL,TA,Attchd,Y,CBlock,411832
10470,10,4,2011,2012,1179,1060,1108,775,1,623,3,1,1,6,0,10223,Sawyer,1Story,RM,Gd,Attchd,Y,PConc,572728
10471,8,8,1965,2010,1973,1123,616,294,0,274,3,1,1,6,1,11152,BrkSide,1.5Fin,RL,Gd,CarPort,Y,CBlock,480377
10472,9,9,2002,2009,818,1892,1037,227,0,148,3,1,1,9,1,7537,NAmes,2Story,RL,TA,BuiltIn,N,CBlock,467895
10473,6,7,2002,2009,939,1546,1393,672,3,559,1,0,4,6,1,6355,Sawyer,SLvl,RL,Gd,Detchd,Y,CBlock,464697
10474,6,5,2012,2012,1819,1364,948,622,1,299,2,1,2,3,1,6516,OldTown,2Story,RL,TA,Attchd,Y,PConc,453139
10475,8,6,1971,2006,2252,665,1013,27,1,468,1,1,2,4,1,7332,BrkSide,1Story,RM,TA,Attchd,Y,CBlock,542658
10476,9,3,1965,2006,1722,845,705,111,1,502,1,1,5,10,2,7420,NAmes,2Story,FV,TA,BuiltIn,Y,PConc,525555
10477,9,9,1988,1995,1482,1012,873,0,3,525,3,1,1,6,0,6816,Somerst,SLvl,RL,Gd,Detchd,Y,PConc,548953
10478,3,5,1987,1990,512,740,1715,629,1,649,2,1,1,3,1,7279,Somerst,1Story,RM,Fa,Attchd,Y,PConc,295118
10479,8,3,1979,2015,590,1250,1126,371,1,630,1,0,1,11,0,14526,OldTown,1Story,RL,TA,Attchd,Y,CBlock,488298
10480,3,8,2005,2006,1558,1193,749,401,3,515,3,1,2,11,0,4921,Crawfor,2Story,RL,TA,BuiltIn,Y,PConc,434178
10481,5,7,2006,2013,1339,615,990,0,0,400,3,1,1,7,1,3869,NAmes,2Story,RL,Fa,Detchd,Y,PConc,372865
10482,9,7,1967,2018,1002,1529,541,121,1,499,2,1,4,8,1,14631,NAmes,1Story,RL,TA,None,Y,BrkTil,506158
10483,5,3,2006,2010,1529,1091,745,307,2,373,3,1,4,9,0,7796,NridgHt,1Story,RL,Gd,Attchd,Y,CBlock,494185
10484,9,8,1966,1978,1552,358,1576,248,2,445,3,1,1,3,0,7137,Somerst,1Story,RL,TA,Attchd,Y,BrkTil,585416
10485,6,7,1978,1985,1925,1029,1050,485,3,951,2,1,3,5,2,8085,CollgCr,2Story,RL,TA,Attchd,Y,CBlock,525080
10486,4,8,1951,1957,1561,1162,1762,625,3,513,3,0,2,8,2,9339,OldTown,1Story,RL,TA,Detchd,Y,PConc,389722
10487,5,8,1974,2018,2053,1439,1067,1131,1,561,1,1,1,7,2,6714,CollgCr,2Story,RL,TA,Attchd,Y,CBlock,492091
10488,7,4,2018,2021,1504,915,1087,444,3,353,2,1,3,5,0,10673,BrkSide,1.5Fin,RL,TA,Attchd,Y,PConc,474326
10489,9,4,1981,2016,1448,1381,1324,785,0,664,2,1,4,3,0,5513,Somerst,1Story,RL,Gd,Attchd,N,Slab,520254
10490,7,9,2000,2012,1979,1125,400,201,0,617,3,0,2,11,0,7420,CollgCr,2Story,RL,Gd,Attchd,N,PConc,508604
10491,10,6,1957,1996,1060,524,1172,0,3,618,2,1,4,8,0,3138,Edwards,1Story,RL,TA,BuiltIn,Y,CBlock,532446
10492,9,6,1995,1996,2767,484,1083,344,0,519,2,0,5,9,1,14405,BrkSide,1Story,RL,Gd,Attchd,Y,CBlock,554037
10493,9,5,1976,2020,1669,1499,1620,0,1,666,1,0,1,6,1,7852,BrkSide,2Story,RL,Gd,Attchd,Y,CBlock,541111
10494,7,7,2002,2008,1671,1528,1438,454,2,709,2,0,1,7,0,11492,NAmes,2Story,RL,TA,Detchd,Y,PConc,494288
10495,5,8,2015,2018,1736,1179,703,216,1,531,1,1,2,7,1,10533,NridgHt,SLvl,FV,TA,Attchd,Y,CBlock,452787
10496,6,3,1987,1993,2345,1648,1535,0,3,459,2,0,5,6,1,10886,CollgCr,1Story,RM,TA,Detchd,Y,PConc,535775
10497,3,6,1957,2003,1857,1473,1008,971,1,641,2,0,1,9,0,8470,CollgCr,1Story,RL,Gd,BuiltIn,Y,CBlock,418997
10498,5,9,1983,2008,778,1323,783,289,2,317,3,0,3,11,1,10123,BrkSide,1Story,RM,Gd,Detchd,Y,PConc,371927
10499,10,4,1958,1998,2132,685,1169,0,0,351,2,1,3,9,1,5515,BrkSide,2Story,RH,TA,Detchd,Y,PConc,567328
10500,6,4,1981,1987,1347,1743,1029,719,0,470,1,0,1,9,2,5018,NAmes,1Story,RL,TA,BuiltIn,Y,CBlock,432208
10501,3,9,1954,1964,1548,1265,1638,231,0,167,2,1,1,3,0,8122,BrkSide,1.5Fin,RL,Gd,None,Y,CBlock,294896
10502,8,3,1995,2000,924,896,1219,777,2,629,1,0,1,7,0,6260,Sawyer,2Story,RL,TA,BuiltIn,Y,CBlock,449904
10503,10,5,1972,1994,1737,783,1172,230,0,307,2,1,1,11,2,16144,Gilbert,2Story,FV,TA,Attchd,Y,CBlock,544371
10504,9,6,1964,1998,1207,1153,1415,288,2,395,1,1,3,6,1,10063,Gilbert,1Story,RL,TA,Detchd,N,PConc,496129
10505,5,8,1951,2004,1545,382,1483,553,1,442,1,0,5,7,1,6157,Somerst,1Story,RL,TA,Detchd,Y,CBlock,404518
10506,6,3,2013,2017,1372,1330,1374,628,2,487,3,1,2,5,2,7522,Crawfor,2Story,FV,Gd,Attchd,Y,PConc,501997
10507,7,6,2009,2013,2366,669,1597,681,3,418,1,0,2,4,2,9024,CollgCr,2Story,RL,TA,Attchd,Y,CBlock,559424
10508,4,4,2007,2008,2392,1198,1313,423,3,468,2,1,2,9,0,8244,Somerst,1.5Fin,RL,TA,BuiltIn,Y,PConc,487784
10509,5,8,1954,2000,1521,841,1159,609,0,469,3,1,5,5,2,9606,OldTown,2Story,C (all),Gd,Attchd,Y,PConc,426353
10510,4,7,1974,1975,1529,944,1534,674,3,400,2,0,5,8,1,8767,Gilbert,1Story,RL,Gd,Basment,Y,CBlock,423731
10511,10,6,2018,2019,1332,747,1068,510,3,341,3,0,4,8,1,4546,NAmes,1Story,RM,Gd,None,Y,BrkTil,519792
10512,8,5,1991,1996,1998,986,1112,407,2,675,2,0,3,10,2,3229,Edwards,1Story,FV,TA,Attchd,Y,Slab,509291
10513,9,4,1959,1992,1352,1806,1703,16,0,101,3,0,1,11,0,7185,Gilbert,SLvl,RL,TA,Attchd,Y,CBlock,479796
10514,9,9,1960,2016,1310,1604,1668,630,2,443,2,1,5,7,2,10938,OldTown,2Story,RL,Gd,None,Y,PConc,496723
10515,10,7,1968,1996,1940,1192,1097,463,2,396,1,0,1,3,1,7221,CollgCr,1.5Fin,RL,Gd,Attchd,Y,PConc,596060
10516,3,5,2019,2021,1258,1040,941,326,2,555,3,0,1,8,2,14828,CollgCr,1.5Fin,RM,Fa,BuiltIn,Y,PConc,469443
10517,10,5,1962,1967,1483,1388,1612,833,1,218,3,0,4,10,1,8323,Sawyer,1Story,RM,Gd,Attchd,Y,CBlock,573635
10518,3,8,2014,2014,788,1502,1380,22,2,390,3,1,1,7,2,15655,OldTown,2Story,RM,Ex,Attchd,Y,PConc,430481
10519,6,8,1998,2005,1817,718,1210,943,2,462,1,1,1,8,1,14274,Edwards,2Story,RL,TA,Attchd,Y,Slab,452511
10520,7,6,2015,2015,2373,1019,987,443,1,673,3,1,3,9,1,13642,Somerst,1Story,RM,Fa,Attchd,Y,PConc,574948
10521,5,5,2008,2014,1825,321,1216,545,3,540,2,0,1,6,1,4946,Crawfor,2Story,RL,TA,CarPort,Y,PConc,449844
10522,4,7,1973,1982,2158,1499,1092,331,2,267,3,1,2,6,2,8566,Gilbert,2Story,RL,Gd,Attchd,Y,CBlock,464714
10523,4,7,2008,2014,1119,1876,867,0,1,392,3,1,4,7,2,14736,CollgCr,1.5Fin,RL,TA,Attchd,Y,PConc,464553
10524,9,7,1962,1979,1606,1082,1145,408,2,639,1,0,1,10,0,9608,BrkSide,1Story,RM,TA,Detchd,Y,PConc,520435
10525,5,3,1970,2011,1076,200,1193,550,3,264,2,1,4,7,2,10908,BrkSide,1.5Fin,RL,TA,None,Y,CBlock,384920
10526,5,6,1965,1966,1398,1294,969,653,1,466,1,0,1,5,1,4552,Sawyer,SLvl,RL,Gd,Attchd,Y,Slab,398449
10527,10,7,1959,1968,1847,688,1416,391,2,478,1,1,4,8,0,20156,Somerst,SLvl,RL,TA,BuiltIn,Y,PConc,611283
10528,4,9,1956,1956,1546,785,1551,0,0,411,2,1,1,9,2,5953,NAmes,1Story,RL,TA,Attchd,Y,PConc,384783
10529,10,6,1963,1999,864,1301,1439,0,1,965,2,1,4,11,0,3465,Sawyer,1Story,RL,Ex,BuiltIn,Y,PConc,546334
10530,10,5,1958,1966,908,1152,1003,1066,2,406,2,0,4,11,2,7258,Somerst,2Story,C (all),Gd,Detchd,Y,CBlock,599522
10531,7,6,1977,1979,878,855,1365,122,3,561,3,1,4,10,1,2826,OldTown,1Story,RM,Ex,Basment,Y,PConc,465118
10532,4,4,1955,2009,1721,790,1127,878,2,342,1,1,2,9,2,5216,NAmes,1Story,RL,Fa,Detchd,Y,CBlock,352871
10533,4,3,1954,1975,2429,1100,667,170,2,575,1,0,2,7,1,26880,CollgCr,2Story,RM,Gd,None,Y,CBlock,429288
10534,5,7,2020,2021,2113,886,1335,395,1,637,3,1,5,6,0,7164,NridgHt,1Story,RL,TA,Attchd,Y,BrkTil,489736
10535,7,9,1956,1957,647,606,1151,638,2,374,1,0,4,8,2,4471,NAmes,1Story,RL,Ex,Detchd,Y,CBlock,384333
10536,4,8,1955,1966,2139,917,2008,204,1,470,1,0,1,9,2,8597,NridgHt,SLvl,RL,TA,Detchd,Y,CBlock,421184
10537,6,7,1952,2014,1921,1186,1610,928,0,319,2,1,1,7,0,5675,Gilbert,1Story,RL,TA,Attchd,Y,CBlock,419079
10538,3,3,1959,1988,805,979,1349,473,0,274,1,0,2,4,0,12542,OldTown,SLvl,RL,TA,CarPort,Y,PConc,266891
10539,7,9,1987,2020,1364,485,1187,588,2,667,1,0,4,3,2,5696,NAmes,1Story,RL,TA,BuiltIn,Y,PConc,481193
10540,3,6,2008,2011,1993,1446,1157,370,3,380,1,0,2,3,2,9601,NAmes,1Story,RL,TA,Basment,Y,CBlock,413538
10541,8,5,2002,2002,1748,0,749,648,1,46,2,1,5,6,0,5073,OldTown,1Story,RL,TA,Attchd,Y,PConc,433985
10542,3,9,1991,1991,911,871,491,924,3,798,3,0,3,10,2,27375,Gilbert,1Story,RL,TA,BuiltIn,Y,PConc,406575
10543,4,8,1956,1978,1775,802,795,411,3,336,3,0,5,10,0,10662,NridgHt,1Story,RL,Fa,Attchd,Y,PConc,400757
10544,4,8,2004,2006,538,1109,1083,969,2,436,3,1,5,10,0,7961,BrkSide,1.5Fin,FV,TA,None,Y,PConc,362796
10545,9,4,1952,2007,1400,1275,400,267,3,775,3,0,3,9,1,7450,Crawfor,SLvl,RL,TA,Attchd,Y,PConc,544270
10546,3,9,1994,2001,2012,1501,909,679,1,454,2,1,5,3,2,6626,CollgCr,1Story,RL,Ex,Detchd,Y,CBlock,415291
10547,6,6,1979,2004,1508,765,1013,597,1,451,2,1,3,10,2,6035,Sawyer,1Story,RL,TA,Attchd,Y,CBlock,464825
10548,7,6,2012,2017,1275,1285,1025,129,2,259,3,1,1,11,1,5961,Edwards,2Story,RL,TA,Detchd,Y,PConc,474519
10549,7,8,1971,1977,1900,1128,868,514,2,186,1,1,2,10,0,18089,Somerst,2Story,RL,TA,Attchd,Y,CBlock,521382
10550,8,7,1995,2014,1939,365,980,452,2,450,3,0,3,7,1,6629,OldTown,1Story,RL,TA,Basment,Y,PConc,506483
10551,9,4,1981,1983,2090,1810,1703,194,1,545,3,0,5,4,2,3260,OldTown,1Story,RL,TA,Basment,Y,Stone,567574
10552,6,5,1987,1988,1893,474,1332,557,3,535,2,0,5,11,2,5030,Sawyer,1Story,FV,TA,Attchd,Y,CBlock,471058
10553,9,5,2016,2018,1987,1218,904,494,0,393,2,0,1,4,0,12904,NridgHt,2Story,RM,Gd,BuiltIn,Y,CBlock,583674
10554,5,9,2000,2014,1830,1206,1076,428,0,484,3,1,1,10,1,7588,OldTown,1Story,RL,TA,Detchd,N,CBlock,405315
10555,10,8,1979,1980,1619,1160,1090,429,1,149,3,1,3,11,1,8002,NAmes,2Story,RL,Gd,Attchd,Y,CBlock,581808
10556,7,5,1981,2014,1540,852,831,423,0,563,1,1,3,11,1,14389,Somerst,1Story,RM,Ex,Attchd,Y,PConc,554486
10557,8,8,2000,2017,1393,1381,831,340,1,509,3,0,4,7,0,5991,Sawyer,1Story,RL,TA,Attchd,Y,PConc,481845
10558,10,8,1974,2008,954,426,1454,492,2,835,2,1,2,10,0,11298,Somerst,2Story,FV,Gd,Attchd,Y,Slab,540109
10559,9,5,1961,1968,1070,1024,953,257,1,481,1,1,5,10,1,6294,NAmes,1Story,RL,Gd,Detchd,Y,CBlock,485049
10560,9,5,1983,1994,1373,824,717,1247,0,310,1,1,3,11,0,11014,OldTown,1.5Fin,RL,Gd,Detchd,N,CBlock,429753
10561,7,9,1954,1988,1609,779,1085,27,1,471,3,1,2,6,1,7128,Gilbert,2Story,RL,Fa,Attchd,Y,CBlock,403927
10562,3,6,1962,1994,2148,1221,1141,275,2,421,2,1,3,8,0,7625,Sawyer,1.5Fin,RL,TA,None,Y,PConc,371646
10563,6,4,1979,1993,1481,1481,410,298,3,558,1,0,5,10,2,12294,NAmes,1Story,RL,Fa,Attchd,N,CBlock,474088
10564,4,8,2006,2013,1952,913,1086,1062,3,485,2,0,2,5,0,11902,Edwards,1Story,RL,Gd,BuiltIn,Y,CBlock,436881
10565,10,7,2005,2009,1986,1362,1404,54,2,253,2,1,3,5,1,7890,Edwards,1Story,RL,Gd,BuiltIn,Y,PConc,631713
10566,4,6,1968,1999,1396,1070,1258,578,0,186,1,0,5,6,1,6875,NridgHt,2Story,RL,Gd,Detchd,Y,BrkTil,401871
10567,4,8,1979,1987,1768,693,1880,525,0,527,2,0,1,6,1,17456,NAmes,2Story,RL,Gd,Detchd,Y,CBlock,379070
10568,4,9,1960,1961,1390,947,1538,550,1,729,2,1,3,9,1,11081,NridgHt,1Story,RL,Ex,Attchd,Y,BrkTil,438101
10569,8,5,2003,2006,2095,930,1607,821,0,494,3,1,4,11,1,7128,Crawfor,1Story,RL,Ex,Basment,Y,CBlock,583504
10570,7,5,1967,2018,1786,771,2080,815,2,626,2,0,5,4,2,6336,OldTown,1Story,RL,Gd,Detchd,N,PConc,460021
10571,10,4,2006,2014,964,1221,1365,315,1,662,1,0,1,5,2,13481,OldTown,1Story,RL,TA,BuiltIn,Y,CBlock,543925
10572,6,7,2009,2012,1573,1144,1157,508,3,528,2,1,4,11,0,8953,NAmes,1Story,RM,Gd,Attchd,Y,PConc,479219
10573,5,5,1998,2003,2242,414,1441,0,1,333,3,1,5,8,2,7897,NAmes,2Story,RL,TA,Detchd,Y,CBlock,430077
10574,3,5,1973,2005,1418,389,904,480,1,515,1,0,2,4,1,8951,Crawfor,SLvl,RL,Gd,Attchd,Y,PConc,379334
10575,3,7,2017,2019,1701,1220,1138,212,2,697,3,1,4,8,0,9895,Crawfor,1Story,RL,TA,Detchd,Y,CBlock,381224
10576,5,5,1998,2000,1746,724,873,394,0,575,1,0,3,10,2,8286,NAmes,1Story,RL,TA,Detchd,Y,CBlock,384402
10577,10,6,1995,2001,1034,1171,1239,0,3,615,2,1,4,6,2,14610,BrkSide,1Story,RL,TA,Attchd,Y,PConc,635736
10578,7,6,2010,2011,1730,1362,872,571,2,397,2,0,2,7,0,14981,CollgCr,1Story,RL,TA,Attchd,Y,PConc,558028
10579,10,4,2012,2015,873,542,860,0,2,444,3,1,1,8,0,10799,Somerst,2Story,RM,Gd,Attchd,Y,CBlock,559389
10580,3,3,1955,1986,1218,485,1245,494,1,459,3,1,5,10,1,15779,Sawyer,1Story,RM,Gd,Attchd,Y,PConc,346732
10581,3,8,2012,2012,1984,1720,1052,82,3,471,3,1,2,8,2,8533,OldTown,SFoyer,RM,TA,Attchd,Y,CBlock,433349
10582,9,3,2004,2009,1661,1191,425,195,3,690,3,1,1,11,0,11597,Somerst,1.5Fin,RL,Fa,Attchd,Y,PConc,627070
10583,3,5,1964,1970,1363,882,591,796,0,58,3,0,5,9,1,13357,NridgHt,2Story,RM,TA,Attchd,Y,PConc,363163
10584,3,7,1971,1981,1701,676,698,626,2,485,1,0,5,6,1,13445,CollgCr,SLvl,RL,TA,Detchd,Y,PConc,350286
10585,6,3,2003,2007,1473,846,791,795,3,466,2,0,4,7,2,12836,Crawfor,2Story,RL,TA,BuiltIn,N,PConc,511344
10586,10,7,1965,1974,1506,574,1245,918,1,233,3,0,3,9,2,11292,CollgCr,SFoyer,RL,Fa,Attchd,Y,PConc,510339
10587,8,8,1982,2008,1796,1403,1177,218,2,601,1,0,2,3,2,20507,NAmes,1Story,RL,Gd,Attchd,N,CBlock,539645
10588,3,7,1998,1998,1173,739,1473,900,3,350,2,0,4,5,0,6667,Crawfor,SFoyer,RL,Gd,Detchd,Y,CBlock,355736
10589,9,5,1996,2000,1518,1487,1363,10,1,416,2,1,4,5,2,7927,Edwards,1Story,RL,TA,Attchd,Y,BrkTil,525843
10590,9,3,2014,2017,1359,890,1475,674,2,813,3,0,3,10,1,7718,Edwards,1Story,FV,TA,Attchd,Y,PConc,509242
10591,9,9,1957,2012,786,633,1313,302,2,662,1,0,4,10,1,7203,CollgCr,SLvl,C (all),Gd,Attchd,Y,PConc,525446
10592,10,5,1970,1976,1086,879,1173,171,0,583,1,1,3,10,2,3473,NAmes,1Story,RL,Gd,None,Y,PConc,495472
10593,4,8,2019,2020,2206,0,1485,634,0,549,1,1,5,3,2,15780,CollgCr,1Story,FV,TA,Attchd,Y,CBlock,418047
10594,10,4,1990,2018,1673,1002,1422,733,2,450,2,0,4,5,0,5357,Edwards,1Story,RL,TA,None,Y,PConc,566250
10595,5,4,1967,1981,904,982,1232,725,0,840,2,1,2,5,0,9175,Somerst,1Story,RL,TA,Attchd,Y,PConc,393132
10596,9,8,1970,1977,807,1380,1545,514,3,624,2,0,4,3,2,4483,Edwards,1Story,RH,Gd,Attchd,Y,CBlock,488626
10597,7,9,1974,1993,1450,295,400,490,2,345,1,1,2,5,2,11239,BrkSide,1Story,RL,Gd,Attchd,Y,PConc,503687
10598,9,9,1989,1994,2203,1515,998,608,2,228,1,0,2,6,1,5969,BrkSide,2Story,RL,TA,BuiltIn,Y,CBlock,550652
10599,8,8,1970,2016,1416,1378,993,541,1,582,2,1,5,10,0,5098,OldTown,1.5Fin,RL,Gd,Detchd,Y,CBlock,484260
10600,8,4,1994,2000,2088,1551,1503,612,1,470,1,1,3,4,0,9277,Crawfor,1Story,RL,TA,Detchd,Y,CBlock,516197
10601,7,9,1981,1989,1658,1029,1650,511,1,223,3,0,1,10,2,6201,BrkSide,1.5Fin,FV,TA,None,Y,PConc,454821
10602,9,7,1993,1996,1712,1456,592,703,2,557,1,1,2,10,2,6565,Crawfor,2Story,RL,Gd,Detchd,Y,CBlock,558635
10603,8,4,1961,1967,899,462,1594,0,1,432,3,0,5,4,2,9183,Sawyer,2Story,RL,TA,Attchd,Y,PConc,441186
10604,4,3,1994,1995,1922,1335,690,411,1,576,2,1,4,5,1,12183,CollgCr,2Story,RL,Ex,Detchd,Y,PConc,465462
10605,9,9,2015,2021,1349,742,701,35,0,560,3,0,5,7,1,5881,CollgCr,SLvl,RL,TA,Attchd,N,PConc,518184
10606,7,4,1959,1995,1888,389,1018,533,2,371,3,1,3,11,0,5441,BrkSide,1Story,RL,TA,Detchd,Y,PConc,481608
10607,5,8,1973,2003,1134,600,989,943,2,594,2,1,1,10,2,8590,Somerst,2Story,FV,TA,BuiltIn,Y,CBlock,407539
10608,7,3,1999,2017,1580,1052,555,308,2,390,3,1,1,11,2,10834,BrkSide,SLvl,RL,TA,Attchd,Y,CBlock,503670
10609,10,4,1993,1994,1658,720,1327,488,1,402,1,0,1,5,0,16417,Sawyer,2Story,RM,Gd,Attchd,Y,CBlock,550593
10610,9,4,1997,2004,1431,1200,1338,677,0,384,1,0,4,11,1,5249,CollgCr,1Story,RL,TA,Detchd,Y,PConc,507819
10611,9,4,1989,1989,1682,327,1469,0,1,684,2,0,4,11,1,7367,Edwards,2Story,RL,Gd,Attchd,Y,PConc,537287
10612,6,7,1998,2002,1380,199,948,293,1,429,3,1,3,8,2,14428,Crawfor,2Story,RL,Fa,Attchd,N,PConc,397504
10613,9,9,1993,2020,1208,1599,1086,559,0,727,3,1,4,4,2,20655,NAmes,1Story,RL,Ex,Detchd,Y,Stone,597209
10614,6,9,1955,1958,2222,1412,1089,0,3,801,2,1,3,5,0,5437,Sawyer,2Story,RM,TA,Attchd,Y,PConc,460356
10615,8,8,2003,2003,1972,630,1691,157,1,347,1,1,4,4,2,6096,Crawfor,1.5Fin,RL,Gd,Attchd,Y,PConc,534994
10616,8,4,1981,1982,1158,1049,400,780,1,0,3,0,4,10,0,10090,NAmes,2Story,RL,Gd,Detchd,Y,PConc,446175
10617,4,9,1953,1968,1756,1458,765,751,2,668,2,1,3,5,2,6554,CollgCr,1Story,FV,Gd,Attchd,Y,CBlock,436611
10618,5,6,1979,1982,1166,1218,1102,562,3,418,1,1,4,9,2,6040,Somerst,2Story,RM,Gd,Attchd,Y,PConc,456101
10619,3,6,1980,2011,967,1109,720,715,1,324,1,1,2,5,0,9488,BrkSide,2Story,RL,Ex,None,Y,PConc,348195
10620,4,7,1956,1960,1965,1488,1010,515,2,374,3,1,4,11,2,17070,Somerst,1Story,RL,Ex,Attchd,Y,CBlock,513463
10621,6,8,2020,2020,733,758,1056,617,0,405,3,1,5,9,0,4715,NAmes,2Story,RM,TA,Attchd,Y,CBlock,401061
10622,6,9,1965,1993,1917,1062,870,355,2,713,3,1,2,6,0,16682,NAmes,1Story,RM,Gd,Basment,N,CBlock,451240
10623,4,7,1973,1993,1386,1043,1123,485,0,509,1,1,4,7,0,6563,OldTown,1.5Fin,RL,Ex,Attchd,Y,Slab,359087
10624,6,7,1981,1998,1405,941,1320,260,0,711,3,0,1,3,2,9931,OldTown,2Story,RL,TA,CarPort,Y,BrkTil,417372
10625,7,8,2009,2016,1684,894,1017,829,2,569,1,1,2,4,2,17391,CollgCr,1.5Fin,RL,TA,Detchd,Y,CBlock,538922
10626,4,4,2002,2006,1762,1079,941,906,0,424,3,0,4,11,1,9840,BrkSide,2Story,RL,Gd,Detchd,Y,Slab,356158
10627,5,5,2004,2005,1128,1064,1042,864,0,410,3,1,2,10,2,7435,NAmes,1Story,RL,Gd,Attchd,Y,CBlock,402974
10628,5,7,1966,1986,1823,631,1097,328,0,581,2,1,2,10,1,11743,Gilbert,2Story,RL,TA,Attchd,Y,PConc,423829
10629,7,3,2010,2015,1551,1371,491,164,3,628,1,1,2,8,1,7863,Crawfor,1Story,RL,TA,BuiltIn,Y,CBlock,513935
10630,5,5,2008,2008,935,659,1262,833,2,659,3,0,1,4,2,10748,NridgHt,2Story,RL,TA,Attchd,Y,CBlock,514057
10631,8,8,1982,1989,1424,963,942,613,1,433,1,0,4,3,1,7752,NridgHt,1Story,RL,TA,BuiltIn,Y,CBlock,518274
10632,5,9,1988,1990,2122,932,1542,549,3,512,2,0,1,9,1,12523,NAmes,2Story,RL,Fa,BuiltIn,Y,CBlock,454138
10633,6,6,1952,1983,2254,1193,1307,260,1,585,1,1,2,5,0,4539,Somerst,2Story,RL,TA,Detchd,Y,CBlock,451109
10634,6,5,2003,2010,1823,202,1510,578,3,411,2,0,2,3,1,5387,OldTown,1Story,RM,Fa,Attchd,Y,BrkTil,418747
10635,4,6,2018,2021,964,1406,746,124,1,276,3,1,5,3,2,4509,CollgCr,1Story,RM,TA,Detchd,Y,PConc,437778
10636,8,7,1983,1988,1721,779,970,640,0,335,3,0,5,8,2,8287,NridgHt,1Story,RL,TA,Detchd,Y,CBlock,538130
10637,4,6,1988,1990,1883,1538,665,864,0,437,2,1,1,10,0,4271,NAmes,1Story,RM,TA,Attchd,Y,CBlock,376343
10638,5,3,1985,1996,1827,859,853,939,1,599,1,1,1,6,1,6226,CollgCr,1Story,RM,TA,Basment,Y,BrkTil,379506
10639,9,6,1955,1959,1853,1030,1538,663,0,707,3,1,4,11,1,5164,NridgHt,1.5Fin,RL,Ex,Attchd,Y,PConc,629179
10640,10,5,1994,2020,1663,1816,1621,35,0,236,2,1,2,6,2,16542,Edwards,1.5Fin,C (all),Gd,None,Y,PConc,571559
10641,8,7,2001,2001,1467,939,698,509,1,372,1,0,4,9,2,5443,NAmes,SLvl,RL,Gd,Attchd,Y,PConc,506281
10642,10,9,2015,2015,1226,1546,940,1092,3,416,3,1,5,5,2,4764,NAmes,1Story,RL,Gd,Attchd,Y,PConc,580079
10643,9,9,2016,2016,646,1066,1073,189,0,623,3,0,1,8,2,9505,CollgCr,1Story,RM,TA,Detchd,Y,PConc,499564
10644,6,7,1984,1991,1653,1216,1305,432,0,385,1,0,5,5,1,18158,Somerst,1Story,RL,TA,Attchd,Y,PConc,473693
10645,9,5,2018,2021,1584,1078,484,874,3,403,1,0,1,10,1,8067,Somerst,2Story,RL,Gd,Attchd,Y,PConc,568039
10646,5,6,1987,2003,1751,1389,539,635,0,226,1,0,2,7,1,8353,NAmes,2Story,RL,Gd,Attchd,Y,BrkTil,435466
10647,6,4,1995,1995,898,776,1271,1194,3,567,2,1,3,3,1,15194,NridgHt,2Story,RL,Gd,BuiltIn,Y,PConc,509246
10648,7,9,1992,2008,1790,656,418,230,2,451,1,0,5,5,2,12620,Crawfor,2Story,RL,TA,Attchd,Y,PConc,560649
10649,10,8,2020,2021,2425,795,944,153,3,362,2,1,3,6,2,10293,NridgHt,2Story,RL,TA,Detchd,Y,CBlock,650000
10650,9,8,2002,2007,1535,1090,1157,817,2,433,3,0,1,7,2,6540,Somerst,SFoyer,RH,Gd,Detchd,Y,PConc,577625
10651,6,5,1958,1961,1472,962,1245,91,2,683,1,1,2,5,1,10436,NridgHt,1Story,RL,Gd,Detchd,Y,CBlock,505552
10652,8,5,1955,1994,1639,1334,1050,391,0,299,3,1,4,8,0,4608,BrkSide,1.5Fin,RM,Fa,Attchd,Y,CBlock,492111
10653,4,8,1979,1982,2415,1572,972,430,2,329,1,0,3,11,0,6420,Crawfor,2Story,RL,TA,Attchd,Y,PConc,433746
10654,9,6,1986,1999,1039,660,1396,761,2,705,1,0,1,9,0,16187,NAmes,1Story,RL,TA,None,Y,CBlock,440253
10655,7,7,1997,2006,1591,756,1200,634,3,494,3,0,3,5,1,15271,CollgCr,SLvl,FV,Gd,BuiltIn,Y,PConc,515271
10656,7,6,1984,2010,1140,476,874,587,0,601,2,0,3,9,1,10349,NAmes,1.5Fin,RL,Gd,CarPort,Y,PConc,433038
10657,9,6,1986,2015,1254,1862,1113,329,0,552,3,0,1,11,1,3567,Gilbert,2Story,RL,TA,Detchd,Y,CBlock,498187
10658,8,7,2015,2016,1478,1172,1234,815,0,474,2,1,2,5,2,4935,NAmes,1Story,RM,Gd,BuiltIn,Y,PConc,536908
10659,3,8,1973,1973,2106,1242,1701,1658,3,417,2,0,5,5,1,6261,BrkSide,1Story,RL,TA,None,Y,CBlock,353337
10660,5,5,1985,2015,2310,514,1375,657,0,630,3,1,4,3,2,7868,NAmes,2Story,RL,TA,Attchd,Y,CBlock,439760
10661,4,8,1989,1989,1702,1050,1525,480,3,689,3,0,1,10,1,4842,NridgHt,1Story,RH,Gd,Basment,Y,PConc,461991
10662,8,4,1983,1986,1331,1254,886,61,1,675,3,0,1,10,2,7608,CollgCr,1Story,RL,TA,Attchd,Y,PConc,492815
10663,3,5,2018,2021,2622,949,917,259,1,267,2,1,2,6,0,18828,Edwards,1Story,RL,TA,Attchd,Y,CBlock,408563
10664,4,9,2018,2018,1308,1480,1018,386,3,715,3,1,3,10,0,10180,Edwards,1Story,RL,TA,Detchd,Y,PConc,398279
10665,7,9,1986,1991,1243,1975,1050,290,2,416,1,1,3,8,2,9380,Sawyer,2Story,RL,Gd,Attchd,Y,CBlock,501880
10666,8,9,1981,1987,701,671,747,445,2,344,2,1,4,11,2,5377,Somerst,2Story,RL,TA,Attchd,Y,BrkTil,479793
10667,7,5,1991,2001,2128,641,1543,983,3,450,1,0,1,11,1,4065,Edwards,1Story,RL,Gd,Detchd,N,CBlock,445289
10668,9,8,1962,1964,1936,699,1409,824,3,630,1,1,1,11,0,4891,Sawyer,2Story,RL,TA,Detchd,Y,PConc,534334
10669,10,9,1980,1982,2588,1692,993,402,2,577,1,0,4,6,0,3992,Crawfor,1Story,RM,TA,Basment,Y,PConc,609715
10670,4,9,1965,1969,875,1467,1325,88,1,434,2,1,5,8,1,8792,Gilbert,1Story,RM,Gd,Attchd,Y,CBlock,411338
10671,10,3,1960,1992,2156,996,1178,851,3,631,3,1,1,4,2,10103,Sawyer,2Story,RL,TA,Attchd,Y,CBlock,625429
10672,7,8,1956,1981,1532,1065,1352,435,2,505,2,0,2,11,1,5505,Somerst,2Story,RL,TA,Detchd,Y,Slab,469219
10673,8,9,1991,2011,1863,723,629,0,3,377,3,1,4,5,2,9085,BrkSide,1Story,RL,TA,Detchd,Y,CBlock,528934
10674,3,8,1950,1973,759,1406,1049,664,3,353,2,0,1,7,1,16463,Somerst,2Story,RL,Gd,BuiltIn,N,PConc,399859
10675,7,4,1995,1995,2161,898,1080,758,2,554,2,0,5,8,0,20512,Crawfor,1Story,RL,TA,Attchd,Y,PConc,549057
10676,8,8,1980,1987,1854,946,1318,0,1,465,1,0,2,10,1,12022,Gilbert,2Story,RM,TA,Attchd,Y,BrkTil,522714
10677,7,3,1976,1979,1482,1294,880,203,3,232,3,0,3,9,1,7857,CollgCr,1Story,RL,Gd,None,Y,CBlock,530221
10678,3,6,2004,2007,1790,975,400,417,3,632,1,1,2,11,0,11849,NAmes,2Story,FV,Gd,Attchd,Y,CBlock,393621
10679,7,7,1988,1993,1156,956,721,670,0,394,1,0,4,9,2,15617,Sawyer,2Story,RH,TA,Detchd,Y,CBlock,436633
10680,10,6,2002,2003,1239,1054,1079,295,2,767,3,1,1,10,0,3445,Sawyer,1Story,RL,TA,Attchd,Y,Slab,547185
10681,8,7,2000,2010,1291,1368,1122,200,2,227,2,0,1,8,2,16560,NridgHt,2Story,RL,TA,Attchd,Y,CBlock,587419
10682,4,4,1952,2004,666,1709,1689,668,2,447,1,1,3,6,2,6653,Crawfor,2Story,RL,TA,BuiltIn,Y,Slab,360991
10683,10,7,1965,1995,1888,1284,1304,310,3,354,2,1,5,11,2,6681,Somerst,1Story,RL,Gd,Attchd,Y,BrkTil,641231
10684,10,7,1990,2013,2036,1371,1129,613,1,304,2,1,4,6,0,7245,OldTown,2Story,RM,TA,Attchd,Y,CBlock,556062
10685,4,7,2019,2020,1184,970,1089,117,3,392,1,0,4,8,2,9817,Somerst,2Story,RL,TA,Detchd,Y,Slab,403673
10686,9,5,1960,1996,1657,767,1486,44,2,799,3,0,3,5,1,5155,NAmes,1Story,RL,Ex,Attchd,Y,CBlock,547695
10687,6,5,1957,2011,1381,1312,893,677,0,506,3,0,1,7,2,7478,Somerst,SLvl,FV,Fa,Attchd,Y,CBlock,444274
10688,7,4,2016,2018,1648,1118,1051,526,2,337,1,0,3,6,0,10767,BrkSide,1Story,C (all),TA,Detchd,Y,CBlock,448997
10689,6,6,2018,2021,1218,481,719,727,0,151,2,0,5,5,2,9379,NAmes,2Story,RL,Gd,Attchd,Y,CBlock,443786
10690,9,7,1961,1970,1102,919,1597,290,3,170,1,0,4,10,0,10089,BrkSide,1.5Fin,RH,TA,Detchd,N,CBlock,455995
10691,10,5,1978,2002,1973,1017,1237,211,3,383,3,1,4,9,2,7347,Gilbert,SFoyer,RL,TA,Attchd,Y,CBlock,640032
10692,9,5,1994,2014,1471,846,852,858,3,366,2,0,2,9,0,11614,NAmes,2Story,RL,TA,Attchd,Y,PConc,545473
10693,10,5,1963,1985,2410,1643,1060,0,2,440,1,1,3,3,2,13673,BrkSide,2Story,RL,Gd,Attchd,Y,CBlock,638311
10694,10,4,1973,1975,1521,1242,1278,825,1,71,2,1,4,5,2,13309,Gilbert,1Story,RL,Gd,Basment,Y,BrkTil,562148
10695,3,7,1978,1983,1083,1599,1012,846,1,463,2,1,4,4,1,10304,Somerst,1Story,RL,TA,Attchd,Y,CBlock,394040
10696,5,8,1995,1998,2052,1155,913,708,3,665,2,1,5,9,1,12969,CollgCr,1.5Fin,RL,TA,CarPort,Y,CBlock,475892
10697,8,5,1971,2016,1784,1083,871,244,0,772,3,1,4,11,0,12579,OldTown,1Story,RL,Gd,Attchd,Y,CBlock,522012
10698,7,9,1979,2016,1827,675,1219,205,3,139,2,0,2,6,0,28346,NridgHt,1.5Fin,FV,TA,Attchd,Y,CBlock,548836
10699,3,6,1970,1990,2036,1055,975,387,1,336,2,0,2,5,2,14705,CollgCr,1Story,RL,Gd,Detchd,Y,CBlock,425687
10700,3,4,2003,2017,1206,1055,941,61,2,326,1,1,4,8,2,8167,OldTown,1Story,RL,TA,Attchd,Y,CBlock,334429
10701,7,5,1960,1980,1443,503,632,161,2,506,2,0,5,11,2,5640,Crawfor,1Story,RL,TA,Detchd,Y,CBlock,432603
10702,7,3,1966,1979,1423,834,1127,643,0,260,1,0,5,6,0,7558,Sawyer,2Story,RL,Ex,Basment,Y,CBlock,396038
10703,4,3,1967,2009,919,921,1037,645,0,783,3,0,4,5,0,7321,Sawyer,1Story,RL,TA,BuiltIn,Y,PConc,319063
10704,4,5,2014,2016,1381,1215,987,135,0,488,1,1,3,7,2,10700,Crawfor,1Story,RL,TA,Detchd,Y,PConc,380999
10705,4,6,2017,2021,2101,1235,1170,653,3,458,3,0,5,11,1,6202,NAmes,SFoyer,RL,Gd,Detchd,Y,BrkTil,501114
10706,7,8,1985,1987,1607,817,1362,586,0,767,2,0,5,9,0,14535,CollgCr,2Story,FV,TA,Attchd,Y,Slab,449625
10707,3,3,1961,2000,894,1238,1346,903,2,477,3,1,1,7,0,4548,NridgHt,2Story,RL,Gd,BuiltIn,Y,PConc,357843
10708,7,8,2003,2005,800,977,1293,621,0,552,2,1,2,9,2,4077,Edwards,1Story,RL,Ex,Attchd,Y,BrkTil,434209
10709,6,4,1984,1988,2249,0,1016,768,3,345,1,1,2,3,2,7999,NAmes,1Story,RM,TA,Attchd,Y,CBlock,446120
10710,6,3,2010,2014,1459,856,902,593,3,233,3,0,3,9,0,5818,Gilbert,2Story,FV,TA,Detchd,Y,PConc,487707
10711,8,7,1975,1975,1209,1482,735,744,1,370,3,1,2,3,2,4825,NAmes,1Story,RL,Gd,Attchd,Y,CBlock,493602
10712,7,8,2020,2021,1377,377,892,64,0,874,1,0,2,6,1,6381,Somerst,1Story,FV,Fa,Detchd,Y,PConc,432687
10713,8,7,2007,2014,835,1095,1107,413,1,594,1,1,1,6,2,6034,Somerst,SLvl,RL,Gd,Attchd,Y,PConc,544115
10714,9,3,1965,1993,2140,1684,825,438,2,529,2,1,1,9,1,8539,NridgHt,1Story,RL,Gd,Attchd,Y,Slab,650000
10715,10,3,2001,2007,1323,746,1134,377,2,304,3,0,3,5,2,6429,OldTown,SLvl,RL,TA,Detchd,Y,CBlock,502803
10716,9,5,1970,1975,2115,1051,762,583,2,644,2,0,5,5,1,6669,NAmes,1Story,RL,TA,Detchd,Y,PConc,529552
10717,7,6,1974,2005,1523,528,519,640,2,236,1,0,2,10,2,8481,BrkSide,1Story,RM,TA,None,Y,CBlock,380959
10718,6,9,1967,1997,2143,1701,1387,568,2,198,3,0,2,7,2,13416,Crawfor,1Story,RL,Ex,Attchd,Y,CBlock,617839
10719,4,5,1998,2001,1616,1017,934,397,0,379,2,1,2,9,1,16476,Somerst,SLvl,RM,Gd,Attchd,Y,CBlock,417131
10720,7,4,1968,1974,1884,1069,807,229,0,832,2,0,5,8,0,9084,NAmes,2Story,RM,Gd,Attchd,Y,PConc,508523
10721,4,9,1995,2001,1824,1592,717,779,3,822,2,1,4,8,0,9408,NridgHt,2Story,RL,TA,Attchd,Y,PConc,495434
10722,10,4,1991,2012,1780,1315,1248,555,2,399,1,1,4,9,1,7827,OldTown,1Story,RL,TA,Attchd,Y,CBlock,544940
10723,9,3,2003,2015,1657,700,1581,144,3,359,1,0,1,9,1,10555,CollgCr,1.5Fin,RL,Gd,BuiltIn,N,CBlock,573366
10724,3,5,2020,2021,1395,791,959,392,2,185,2,0,5,11,2,10132,CollgCr,2Story,RM,TA,Attchd,Y,BrkTil,386594
10725,9,5,1950,1987,2362,1248,1025,0,1,494,2,0,1,10,0,15436,CollgCr,2Story,RL,TA,CarPort,Y,PConc,580358
10726,3,7,2020,2021,1092,800,1475,461,2,509,1,1,5,5,2,3633,OldTown,2Story,RM,Gd,Detchd,Y,BrkTil,347974
10727,8,9,1957,1972,1502,203,466,390,2,622,1,0,5,4,0,7649,OldTown,2Story,RL,Gd,Detchd,Y,Stone,423343
10728,3,9,1987,2004,1507,1029,1788,278,0,644,3,1,3,10,1,9902,BrkSide,2Story,RL,TA,Attchd,Y,PConc,325770
10729,6,5,1974,1980,1681,458,1955,925,1,444,1,0,5,6,1,8400,Somerst,1Story,RM,Ex,Attchd,Y,PConc,456689
10730,8,9,1995,1997,1307,1697,400,103,2,580,1,1,5,5,1,5570,Edwards,1.5Fin,RL,Gd,Attchd,Y,CBlock,459823
10731,8,7,2001,2008,1642,1121,1066,662,0,354,2,0,3,3,0,4737,NAmes,1Story,RL,Ex,Detchd,Y,BrkTil,483234
10732,6,3,2011,2015,1424,688,848,1106,0,577,3,0,4,7,2,12218,BrkSide,SFoyer,RL,TA,Detchd,Y,PConc,433691
10733,10,9,1978,1984,788,771,1007,773,0,389,3,0,3,7,0,6046,NAmes,1Story,RM,TA,Attchd,Y,PConc,457737
10734,9,3,2016,2020,1504,294,954,441,2,563,2,1,3,10,2,3859,CollgCr,1Story,RM,TA,Attchd,Y,CBlock,524554
10735,4,7,1972,1976,1005,610,1384,110,0,548,3,0,2,9,1,12497,NridgHt,1Story,RL,Gd,None,Y,CBlock,363672
10736,8,8,1964,2011,720,1457,1061,41,1,492,2,0,4,9,2,10450,Sawyer,2Story,RL,TA,Attchd,Y,PConc,466457
10737,8,4,1976,1989,1562,1943,781,327,0,623,3,1,2,7,2,8068,Gilbert,1Story,RL,Gd,Attchd,Y,PConc,552878
10738,5,4,1987,2008,1720,1341,1040,244,1,197,1,1,1,10,2,5632,Edwards,1.5Fin,RL,TA,Attchd,Y,PConc,407071
10739,8,6,1997,2014,1737,1013,1280,234,0,288,1,0,2,11,1,8077,OldTown,2Story,RL,Fa,Attchd,Y,Slab,444066
10740,10,9,2009,2014,1755,877,686,352,3,431,3,0,1,10,1,14689,OldTown,1Story,RL,TA,Attchd,Y,CBlock,579857
10741,9,4,1965,1974,630,667,524,419,1,220,3,0,5,6,1,4110,Somerst,2Story,RM,Gd,Detchd,N,CBlock,459412
10742,9,7,1971,2012,888,1874,1797,596,0,407,3,1,2,5,1,4205,OldTown,2Story,RL,TA,Detchd,Y,CBlock,427465
10743,8,6,2016,2020,2388,975,875,79,2,413,2,0,4,3,2,6408,OldTown,1.5Fin,RM,Gd,Detchd,Y,CBlock,556723
10744,5,3,1981,2018,1029,1896,1052,245,3,716,2,1,3,11,1,8399,NAmes,1Story,RL,Gd,Attchd,Y,BrkTil,459644
10745,9,7,1967,1974,1775,1607,961,402,3,506,1,0,2,9,1,6799,Crawfor,SLvl,RL,TA,Attchd,Y,PConc,564722
10746,5,8,2019,2021,1191,354,1292,391,3,665,2,0,2,11,0,11351,NAmes,1Story,RL,Gd,BuiltIn,Y,PConc,484639
10747,7,7,1981,1991,1536,784,1720,1001,1,534,3,0,5,10,0,13874,CollgCr,2Story,RL,Gd,Attchd,Y,PConc,514544
10748,5,4,2019,2021,1215,782,1303,520,1,384,1,0,3,6,2,9636,Crawfor,2Story,RL,TA,Attchd,Y,PConc,417481
10749,5,4,2015,2021,1753,1018,569,0,1,504,2,1,3,4,2,10938,Sawyer,1Story,FV,TA,Attchd,Y,CBlock,461587
10750,4,5,2014,2017,1562,1026,616,575,1,611,1,0,4,3,1,9607,Somerst,1Story,RL,TA,Detchd,Y,CBlock,458196
10751,10,6,1991,1991,1298,2248,960,614,3,695,2,0,5,10,1,8536,Sawyer,2Story,RL,Gd,Attchd,Y,PConc,628249
10752,4,6,2006,2007,1027,619,1006,412,0,456,3,1,4,5,0,4749,NAmes,1Story,RM,TA,Basment,Y,CBlock,273271
10753,3,4,2018,2021,1620,1142,497,86,3,183,3,0,3,6,0,5352,Gilbert,1Story,RL,Gd,Attchd,Y,CBlock,435461
10754,10,6,1969,1989,954,1297,1387,977,3,171,2,0,5,10,2,4628,CollgCr,1Story,RL,Fa,None,Y,CBlock,498675
10755,7,5,1952,1974,1692,1049,720,129,3,421,3,1,5,7,1,7951,Crawfor,2Story,RL,Gd,Attchd,Y,PConc,493201
10756,6,7,1972,1977,2682,1094,1623,648,2,59,3,1,5,11,0,9437,CollgCr,1Story,RL,Ex,Detchd,Y,Stone,583733
10757,8,8,1995,2000,2108,632,1737,510,3,803,3,1,1,7,0,4428,NridgHt,2Story,RL,TA,Attchd,Y,CBlock,624334
10758,6,7,1988,1989,1823,1093,1013,630,0,587,3,1,5,10,0,8782,Somerst,SFoyer,RL,Gd,BuiltIn,Y,CBlock,480957
10759,4,3,1955,1997,1461,1255,1254,962,3,366,2,0,1,4,2,5733,NAmes,2Story,RL,TA,Attchd,Y,CBlock,383087
10760,8,9,1989,1992,628,1181,669,618,2,280,3,1,4,6,1,5254,OldTown,2Story,RL,Gd,Basment,Y,CBlock,451649
10761,4,3,1962,2020,905,1278,1318,282,3,665,1,1,4,4,0,6415,Gilbert,2Story,RH,Gd,Detchd,Y,PConc,379012
10762,7,9,1985,1989,2077,1615,926,782,0,280,3,0,2,3,2,5134,CollgCr,1Story,RL,Gd,Detchd,Y,CBlock,516635
10763,10,3,1990,1997,1145,1425,719,261,3,297,3,1,1,11,2,11168,Crawfor,1Story,RL,Gd,Attchd,Y,PConc,605001
10764,10,6,1995,1996,1185,1079,999,499,2,342,2,0,5,7,1,7881,OldTown,1Story,RH,Gd,Attchd,Y,Slab,526568
10765,5,3,1979,2009,1425,581,937,62,0,501,1,0,5,6,0,12267,NridgHt,1Story,RL,Gd,None,Y,PConc,387690
10766,9,3,1978,2013,1022,810,986,140,2,592,2,0,1,6,0,6962,NridgHt,1Story,FV,Gd,CarPort,Y,PConc,560167
10767,7,7,1998,2003,948,962,1432,465,0,695,3,1,4,5,2,7082,Edwards,2Story,RM,TA,Attchd,Y,CBlock,456597
10768,6,8,2003,2008,1477,1151,825,560,0,668,1,1,1,4,1,19749,NridgHt,1Story,RL,TA,Attchd,Y,CBlock,493023
10769,4,3,2007,2012,1099,859,1707,0,2,480,3,0,3,11,1,4095,Sawyer,1Story,RH,Gd,Attchd,Y,CBlock,388131
10770,6,9,1973,1986,1167,676,636,599,3,664,3,0,2,3,0,15151,NridgHt,1.5Fin,RL,Gd,Attchd,Y,CBlock,518994
10771,8,5,1980,1980,1148,575,1665,204,0,359,2,1,4,6,2,17896,Somerst,1Story,RL,Ex,Attchd,Y,CBlock,527803
10772,10,5,1973,1980,1735,390,744,834,1,152,3,0,3,4,2,11997,NridgHt,2Story,RL,Gd,BuiltIn,Y,BrkTil,650000
10773,3,5,1987,1989,1396,956,1100,344,1,359,3,0,3,11,1,7325,Edwards,1Story,RL,TA,Attchd,Y,CBlock,300031
10774,8,6,1959,1982,1420,462,928,113,2,335,2,0,4,4,0,16154,NAmes,2Story,RL,Gd,Basment,Y,CBlock,498274
10775,9,4,1980,1993,1769,650,980,473,0,366,3,1,3,6,1,7354,CollgCr,1Story,RL,Fa,None,Y,BrkTil,476462
10776,10,5,1963,1965,1436,892,1380,175,2,307,3,1,1,9,2,6187,NridgHt,1Story,RL,TA,Attchd,Y,PConc,579460
10777,6,4,1987,1987,1375,516,1625,831,1,397,1,0,3,8,1,7137,Crawfor,1.5Fin,RM,Ex,Attchd,N,PConc,483170
10778,3,3,2010,2013,1712,1202,1517,450,3,592,3,1,4,6,0,6576,NAmes,1Story,FV,Gd,Detchd,Y,PConc,476081
10779,5,5,2019,2021,1801,1346,958,404,1,789,1,1,3,8,0,5552,Somerst,1Story,RH,Ex,Attchd,Y,CBlock,491381
10780,9,7,1981,1988,1434,830,1164,628,1,169,2,0,1,6,0,14007,CollgCr,1Story,RL,Gd,Detchd,Y,CBlock,526935
10781,10,8,1953,2000,1536,875,826,149,0,248,3,1,1,5,1,6002,Somerst,2Story,RL,TA,Detchd,Y,PConc,541994
10782,8,5,1966,2000,1148,1265,753,63,3,338,3,0,2,8,1,8387,Sawyer,1Story,RL,Ex,Attchd,Y,PConc,535086
10783,3,5,1957,2008,1113,764,699,573,3,618,1,0,4,6,1,4439,Sawyer,2Story,RL,Ex,Basment,N,PConc,319098
10784,3,8,2003,2010,1846,737,947,120,1,443,2,0,2,11,2,8619,Sawyer,2Story,RL,Gd,Attchd,Y,CBlock,359430
10785,6,7,2019,2021,1700,1529,1187,120,1,350,1,1,5,7,0,5053,Gilbert,2Story,RL,TA,Attchd,Y,PConc,523929
10786,7,8,1989,1990,1705,1404,431,701,3,609,1,0,2,9,2,4997,NAmes,1.5Fin,FV,Ex,None,Y,CBlock,502337
10787,3,9,1962,1970,1626,1291,1084,608,1,652,3,0,3,5,0,8092,Somerst,1Story,RL,Fa,Attchd,Y,Slab,354980
10788,8,8,1951,2011,1521,1420,1631,74,0,477,1,1,4,8,1,13677,CollgCr,1.5Fin,RM,Gd,Attchd,Y,CBlock,510576
10789,7,9,2019,2019,1813,259,1493,264,0,333,3,1,4,8,0,10363,Crawfor,1Story,RM,Gd,Attchd,Y,CBlock,500146
10790,3,5,1972,1976,1921,1592,895,179,2,529,2,0,1,9,1,10689,Gilbert,1Story,RL,TA,Attchd,Y,Stone,372836
10791,3,5,1957,2008,1910,1207,611,983,0,438,1,0,1,7,2,8017,NAmes,2Story,RL,TA,Attchd,Y,CBlock,340510
10792,6,5,1962,2012,1455,1454,1261,722,0,437,3,1,1,9,0,7308,CollgCr,2Story,RL,Gd,Detchd,Y,CBlock,423040
10793,8,4,1968,1974,2124,1205,400,324,0,388,1,1,5,3,1,12135,Edwards,1Story,RH,TA,Attchd,N,CBlock,508402
10794,9,8,1996,2001,1603,1070,1489,623,3,646,1,1,1,9,1,6597,Crawfor,SFoyer,RL,Gd,Detchd,N,CBlock,511060
10795,6,8,2013,2017,1785,940,1025,43,3,525,1,1,1,9,1,12374,NAmes,SLvl,RL,Gd,Attchd,Y,PConc,486375
10796,5,8,1969,2006,1627,1197,1741,248,3,666,3,1,4,7,1,14824,Somerst,1Story,RH,Ex,Attchd,Y,PConc,500629
10797,10,4,1998,2002,1611,925,496,481,1,721,2,0,4,3,1,5821,OldTown,2Story,RL,TA,None,Y,CBlock,486555
10798,6,6,1954,1997,1169,1397,1421,586,1,563,2,0,5,8,2,6219,NridgHt,2Story,RL,TA,BuiltIn,Y,BrkTil,470702
10799,5,4,1950,1962,1816,415,1065,421,1,389,1,1,2,10,0,6649,NridgHt,SLvl,RL,TA,Detchd,Y,CBlock,423547
10800,6,9,1953,2010,2780,833,984,524,2,667,3,1,4,7,1,4393,CollgCr,2Story,RL,Fa,Attchd,Y,PConc,526851
10801,3,4,2015,2021,1331,1868,621,474,0,564,3,0,1,3,1,6881,Gilbert,1Story,RM,TA,Detchd,Y,CBlock,361580
10802,5,4,1991,2020,1532,800,1309,401,2,949,1,0,3,6,2,15267,NAmes,2Story,RL,TA,BuiltIn,Y,CBlock,458327
10803,7,6,2007,2014,1299,955,1337,361,0,536,3,1,1,11,2,5310,Gilbert,1Story,RL,Gd,Basment,Y,CBlock,463631
10804,10,9,1951,1979,1280,697,1725,322,1,606,2,0,5,5,2,15431,CollgCr,2Story,RL,TA,Detchd,Y,CBlock,595732
10805,8,9,1951,1966,2195,1184,1453,520,1,532,3,0,3,7,0,6994,NridgHt,2Story,RL,TA,Attchd,Y,PConc,556748
10806,9,3,2010,2012,1197,755,892,573,2,462,1,1,2,6,0,22007,OldTown,2Story,RL,Gd,Attchd,Y,PConc,541633
10807,7,5,1957,1977,1287,976,749,510,3,433,3,0,5,9,1,6254,NridgHt,1Story,RM,Gd,Attchd,Y,BrkTil,549298
10808,3,4,1961,2002,786,1390,621,96,2,533,1,0,1,6,1,7967,CollgCr,2Story,RL,TA,Attchd,Y,PConc,330853
10809,6,5,1986,1986,1159,770,1616,150,1,574,2,0,4,6,0,5643,Somerst,2Story,RL,Ex,Attchd,Y,CBlock,458389
10810,10,6,1993,1994,731,1365,828,570,2,688,1,0,3,8,2,6238,NAmes,1Story,RH,Gd,Attchd,Y,PConc,538791
10811,3,4,1966,2014,1784,1379,1618,892,2,536,1,1,4,8,2,15522,OldTown,1Story,RH,TA,Attchd,Y,Stone,401632
10812,10,3,1981,2015,2760,1472,1284,496,0,397,1,0,2,7,1,10523,Gilbert,1Story,RL,TA,Detchd,Y,PConc,623892
10813,8,6,1997,2004,1335,1106,1215,326,3,421,3,0,5,5,2,13505,Edwards,1.5Fin,FV,Ex,Detchd,Y,CBlock,545868
10814,5,3,1981,1987,750,2347,993,517,3,242,1,0,3,3,1,4702,Somerst,1Story,RL,Ex,Detchd,Y,CBlock,428761
10815,9,4,1977,1980,1905,1472,1331,109,0,779,3,0,3,9,1,11413,NridgHt,2Story,RL,TA,Attchd,Y,CBlock,639784
10816,9,3,1955,1990,1173,1180,1095,843,0,383,2,1,3,6,2,5490,Edwards,2Story,RL,Fa,Detchd,Y,CBlock,453934
10817,3,3,1982,1989,2085,700,971,506,0,654,1,0,2,8,0,4657,BrkSide,1.5Fin,RL,TA,None,Y,PConc,264506
10818,3,6,2006,2011,1373,1011,1344,249,2,530,2,1,2,6,0,9464,Edwards,2Story,RM,Gd,Attchd,Y,PConc,361120
10819,8,8,1994,2004,1216,1621,1050,400,0,535,2,0,1,10,1,9421,Crawfor,1Story,RM,Gd,Basment,Y,PConc,464219
10820,10,8,2013,2013,1420,1734,821,292,0,459,1,1,3,9,2,8707,BrkSide,1Story,RL,Gd,Attchd,Y,CBlock,587548
10821,3,3,1958,1972,1841,1641,1310,844,2,338,2,0,3,6,1,11740,Edwards,1Story,RL,TA,Detchd,Y,CBlock,358412
10822,8,3,1950,2009,1398,1364,1078,389,0,306,3,0,2,5,1,12593,OldTown,1.5Fin,C (all),TA,Detchd,Y,PConc,466561
10823,4,5,1988,1998,1276,548,1271,497,0,791,3,0,5,9,0,16468,Sawyer,2Story,RL,TA,Detchd,Y,CBlock,327826
10824,8,7,1962,1978,1411,1245,941,622,0,501,2,0,1,3,1,4975,Gilbert,2Story,RL,Gd,Basment,Y,PConc,468490
10825,7,8,1992,2014,928,553,677,228,2,683,3,0,5,3,0,16709,CollgCr,2Story,RL,TA,Attchd,Y,PConc,506814
10826,3,8,2014,2017,1679,455,1707,508,1,729,3,0,5,3,0,19828,CollgCr,1.5Fin,RL,Gd,Detchd,Y,PConc,439202
10827,8,5,1973,1990,696,1146,1641,532,1,406,1,0,1,6,2,7209,NAmes,SFoyer,RL,Gd,Basment,Y,CBlock,454937
10828,10,4,1989,1993,1300,1259,1409,0,2,556,2,1,4,7,1,4012,Gilbert,2Story,RL,TA,BuiltIn,Y,PConc,548648
10829,9,3,1998,2005,1842,1411,964,526,0,488,3,1,2,5,0,4561,Sawyer,1Story,RL,TA,Attchd,Y,BrkTil,520639
10830,3,4,1960,1984,1636,1249,995,436,2,272,1,1,1,4,0,6905,CollgCr,1Story,RL,TA,Attchd,Y,CBlock,367518
10831,4,3,2013,2018,1766,1263,1584,489,1,447,2,0,5,5,1,21040,Somerst,2Story,RL,Gd,Basment,Y,CBlock,456765
10832,4,9,1964,2007,1471,656,976,461,2,586,3,1,1,7,0,8566,Gilbert,2Story,RL,TA,Detchd,Y,PConc,354675
10833,6,4,2007,2010,2026,1008,879,528,2,390,1,1,2,5,1,6439,Crawfor,2Story,RL,Gd,None,Y,CBlock,443018
10834,4,8,1996,2013,1916,447,1755,851,2,422,3,1,1,8,1,6244,CollgCr,1Story,RL,Gd,Attchd,Y,BrkTil,471244
10835,9,6,1960,1993,1701,249,1083,96,0,449,3,0,1,6,2,4687,OldTown,2Story,RM,Gd,BuiltIn,Y,CBlock,467989
10836,9,6,2001,2007,1917,1346,1719,347,0,860,2,1,1,11,1,12599,OldTown,1Story,RM,Ex,BuiltIn,Y,PConc,581518
10837,9,6,1963,2002,1838,749,611,650,2,150,2,1,5,11,0,8155,NridgHt,1Story,RL,TA,BuiltIn,Y,PConc,599102
10838,4,8,1992,1993,1302,1399,1281,594,0,570,2,0,1,8,1,21867,NAmes,1.5Fin,RL,Ex,Detchd,N,PConc,394349
10839,3,3,2018,2021,895,1493,1825,588,1,434,2,1,4,7,1,11277,CollgCr,2Story,RL,Gd,Attchd,Y,PConc,393049
10840,10,3,2017,2021,1689,802,1110,1276,2,365,2,1,1,3,0,12349,Gilbert,1Story,RL,Gd,Detchd,Y,CBlock,611670
10841,5,5,2011,2018,1746,1286,1008,634,3,430,2,1,5,8,0,7623,Somerst,1Story,RL,TA,Detchd,Y,PConc,495503
10842,8,5,1985,1993,1991,786,691,789,2,600,2,1,5,6,0,5202,CollgCr,2Story,C (all),TA,Attchd,Y,CBlock,523662
10843,10,6,1989,1994,1079,312,1479,358,3,610,3,1,4,5,2,5737,Edwards,1Story,RL,TA,Attchd,Y,CBlock,536957
10844,3,8,1971,1981,1092,1099,830,152,2,513,3,1,5,10,0,4590,NAmes,1Story,RL,Gd,Basment,N,CBlock,298294
10845,3,7,2015,2018,1707,862,1067,356,1,677,2,1,2,3,2,12804,OldTown,2Story,RL,Gd,Attchd,Y,Slab,390763
10846,3,4,1983,1985,1468,874,668,664,0,708,2,0,4,5,1,7148,Edwards,2Story,RL,Gd,Attchd,Y,PConc,319443
10847,4,5,2004,2004,651,1840,1645,572,2,627,1,1,2,9,2,13049,NAmes,1Story,RL,TA,Detchd,Y,PConc,369223
10848,3,8,1975,1983,1669,440,1504,571,3,382,1,1,4,11,0,9036,NAmes,2Story,RL,Gd,None,N,CBlock,337601
10849,9,4,2002,2003,666,1203,1089,386,1,569,2,1,5,7,1,7451,BrkSide,2Story,RL,Fa,Detchd,Y,CBlock,443343
10850,7,6,1965,1991,1075,652,696,338,0,570,1,0,4,7,0,5022,BrkSide,1Story,RL,TA,Attchd,Y,CBlock,370988
10851,10,6,2002,2008,2108,1413,1638,396,0,333,3,0,2,11,2,9736,NAmes,1Story,RL,TA,Attchd,Y,CBlock,627213
10852,9,8,1953,1985,2321,1169,972,667,2,198,1,1,4,3,1,7704,NridgHt,1Story,RL,TA,Attchd,Y,CBlock,592570
10853,10,8,1957,1964,953,1202,713,702,2,116,1,1,5,7,0,12757,NAmes,1Story,C (all),Gd,Attchd,Y,Slab,528090
10854,4,6,1975,1983,1352,672,483,148,0,493,1,1,5,5,2,6160,Gilbert,1.5Fin,RM,Gd,BuiltIn,N,PConc,394920
10855,5,5,1984,2005,1519,744,874,679,0,534,1,0,4,7,2,11216,BrkSide,1Story,RL,Gd,Attchd,Y,PConc,436196
10856,9,5,2000,2008,2302,1421,591,255,2,267,2,1,4,11,2,17787,NridgHt,SFoyer,C (all),Gd,Attchd,Y,PConc,650000
10857,4,5,1975,1999,1278,1758,882,591,1,668,3,1,4,8,2,9609,NridgHt,1Story,RM,TA,Basment,Y,CBlock,436249
10858,3,4,1951,2002,1285,1242,1361,392,1,507,3,0,4,11,0,12103,OldTown,2Story,RL,TA,Attchd,Y,PConc,319826
10859,8,7,1973,1979,2197,691,969,920,1,723,1,0,1,7,1,10995,CollgCr,2Story,RL,TA,Attchd,Y,PConc,546279
10860,9,4,1981,1981,1331,1186,1224,325,2,547,1,0,5,10,2,19970,Somerst,2Story,RL,TA,Attchd,Y,Slab,588258
10861,10,7,1988,1996,1825,2021,847,504,2,288,2,1,1,4,1,10047,NAmes,1.5Fin,RL,Gd,Attchd,N,PConc,600907
10862,10,8,1995,2006,835,1091,1123,632,0,562,1,1,3,5,1,11647,Sawyer,2Story,FV,Gd,Attchd,Y,PConc,535547
10863,3,9,1967,1991,1423,1635,1772,188,0,601,3,1,2,5,2,8362,Edwards,2Story,RL,Gd,None,Y,PConc,400591
10864,9,3,1993,2010,753,754,978,428,2,381,1,1,2,9,1,5999,CollgCr,SLvl,RL,Gd,BuiltIn,Y,PConc,527800
10865,9,8,1994,2000,1025,1033,1235,370,2,220,2,0,2,7,0,4935,NridgHt,SLvl,RL,TA,BuiltIn,Y,PConc,574439
10866,8,3,2005,2008,1878,1298,552,296,0,498,2,1,1,5,0,15032,Gilbert,SFoyer,RM,TA,Detchd,Y,PConc,560456
10867,9,5,1987,1987,1478,1209,1632,318,0,300,2,0,3,4,2,5399,NridgHt,1Story,RL,TA,Attchd,Y,PConc,619093
10868,9,4,2007,2013,1356,743,933,784,2,682,2,0,3,6,0,11890,Somerst,1Story,RL,TA,BuiltIn,Y,CBlock,570625
10869,6,4,1965,1997,1163,726,1468,270,1,407,3,0,3,4,1,10250,BrkSide,1Story,RL,TA,Attchd,Y,PConc,441344
10870,3,4,2000,2003,1401,1445,1057,620,0,790,2,1,1,9,1,12846,NAmes,2Story,RL,TA,Attchd,Y,CBlock,343121
10871,6,3,1953,2005,1636,1527,1314,544,2,98,2,1,4,10,1,6743,NridgHt,1Story,RL,Fa,Attchd,Y,CBlock,499947
10872,4,8,1957,2002,1942,1655,1335,31,0,504,3,1,1,11,0,5955,Edwards,1Story,RL,TA,Detchd,Y,CBlock,359895
10873,3,3,2011,2012,500,1772,942,606,0,737,3,1,5,5,0,10078,CollgCr,2Story,RL,TA,Attchd,Y,BrkTil,299723
10874,3,5,1983,1989,1126,1104,1482,26,2,320,3,0,1,6,2,7452,Crawfor,1Story,RL,Gd,Attchd,Y,CBlock,341479
10875,8,7,1994,2002,1572,926,834,638,0,451,1,1,1,7,0,4885,Edwards,2Story,RL,TA,Attchd,Y,PConc,458254
10876,7,9,1992,1997,1456,1590,1372,298,0,407,3,0,2,7,0,20336,OldTown,1Story,RL,Gd,Attchd,Y,PConc,495532
10877,7,8,1999,2000,1682,1335,963,453,3,357,3,1,3,7,2,5953,CollgCr,1.5Fin,RL,Gd,Attchd,Y,PConc,547274
10878,8,3,1967,1971,1620,657,1222,62,0,524,3,1,5,4,0,5435,Crawfor,1Story,RL,TA,Detchd,Y,CBlock,494679
10879,7,9,1962,1984,1363,637,938,487,2,247,3,1,3,4,1,7623,BrkSide,2Story,RL,Gd,Attchd,Y,CBlock,438267
10880,8,7,1953,1986,1263,1247,1117,728,3,460,2,0,2,6,0,14937,NAmes,2Story,RL,Gd,Detchd,N,PConc,505248
10881,3,4,2011,2015,1390,979,724,208,3,573,3,1,5,3,2,3206,Somerst,1Story,RL,Gd,Attchd,Y,PConc,447824
10882,9,6,1965,2017,2017,1039,1187,268,3,441,2,1,2,3,0,14390,NAmes,1Story,RL,TA,Attchd,Y,BrkTil,580224
10883,6,9,1990,1995,1171,1479,1115,586,1,300,3,0,5,7,1,5640,Sawyer,1.5Fin,RL,TA,Detchd,Y,CBlock,438587
10884,4,5,1982,1986,1472,1354,911,594,3,665,2,1,3,10,1,9574,Somerst,2Story,RL,Fa,Detchd,Y,PConc,441847
10885,9,4,1961,1964,1583,1582,1081,0,0,611,3,1,2,7,2,6271,NAmes,1Story,RL,TA,Attchd,Y,BrkTil,531553
10886,8,9,1979,2012,2202,277,1147,1055,1,293,3,0,2,3,0,20831,Somerst,2Story,C (all),Gd,Detchd,Y,CBlock,577341
10887,3,9,1955,1966,1365,1151,884,609,0,247,3,0,1,10,1,8990,BrkSide,1Story,RL,TA,BuiltIn,Y,CBlock,283649
10888,4,9,1962,2020,1931,1328,1055,659,2,309,1,0,4,9,1,6181,OldTown,2Story,RL,TA,Attchd,Y,CBlock,423582
10889,3,9,1959,1985,2054,439,748,407,3,578,3,1,3,5,0,7423,NAmes,1Story,FV,Gd,Detchd,Y,CBlock,365783
10890,5,9,2008,2013,1471,788,1921,0,3,530,1,1,4,5,0,8850,Crawfor,2Story,RL,Fa,Attchd,Y,PConc,427376
10891,3,6,1990,1992,1405,714,1471,652,3,622,3,1,4,11,2,9208,NAmes,1Story,RM,TA,BuiltIn,Y,Stone,390976
10892,8,4,2015,2019,1352,1059,1196,280,0,421,1,1,1,7,1,10355,Edwards,1Story,RL,Gd,Attchd,Y,CBlock,484956
10893,7,7,1980,2006,1385,1701,1510,613,3,314,1,1,5,4,1,8495,Somerst,1Story,RL,TA,None,Y,CBlock,494898
10894,10,4,1964,2008,1884,1859,407,384,2,645,2,1,3,5,2,4574,CollgCr,1Story,FV,Ex,Detchd,Y,CBlock,645058
10895,8,6,1993,1995,1604,724,400,521,1,380,2,0,4,5,1,7293,CollgCr,2Story,RL,TA,Detchd,Y,Stone,529144
10896,7,7,2015,2017,1606,1261,960,218,0,514,3,1,1,6,2,11168,NAmes,2Story,FV,TA,Attchd,Y,PConc,478563
10897,7,9,1987,2017,994,1274,618,709,0,201,2,0,4,6,2,6288,NAmes,1Story,RL,Gd,Detchd,Y,PConc,451568
10898,3,5,1951,1977,1065,1205,1017,93,3,377,1,1,4,7,1,11505,Somerst,1Story,RL,TA,Attchd,Y,CBlock,352387
10899,3,4,1971,2016,2465,1210,1172,1124,1,662,2,0,2,5,0,8622,BrkSide,2Story,RL,TA,Attchd,Y,PConc,419654
10900,7,8,2015,2016,1420,1171,1422,1121,2,351,2,1,5,8,1,7707,NAmes,2Story,RL,Ex,Attchd,N,CBlock,500185
10901,3,3,1986,2010,1151,1725,702,940,3,627,2,1,4,7,0,14548,Sawyer,1.5Fin,RL,TA,Detchd,Y,CBlock,379863
10902,3,6,2017,2021,2144,1491,1240,833,1,60,2,1,5,11,2,3888,Edwards,1Story,FV,TA,BuiltIn,Y,PConc,389594
10903,4,8,1986,1997,1627,626,1105,425,0,379,3,0,5,10,0,6272,NAmes,1Story,RL,TA,CarPort,Y,PConc,375114
10904,10,6,1950,1987,1760,1368,1222,800,1,449,3,1,2,5,2,14800,Somerst,1Story,RM,TA,Attchd,Y,CBlock,621883
10905,6,5,2011,2017,1438,1407,918,421,0,794,1,1,5,3,1,19367,CollgCr,2Story,RL,Ex,Basment,Y,PConc,509755
10906,8,8,2004,2010,1357,1176,1584,0,0,270,1,0,4,8,1,23778,NridgHt,2Story,RL,Gd,BuiltIn,Y,PConc,599143
10907,6,5,2000,2006,1424,1503,1064,901,3,601,1,1,1,6,0,8695,OldTown,1Story,RL,TA,Basment,Y,PConc,408936
10908,4,7,2018,2020,878,1125,1721,789,1,670,1,0,4,11,0,10445,Sawyer,1Story,RL,Gd,Detchd,Y,PConc,347201
10909,5,6,1963,1989,1460,1130,823,441,2,350,3,0,3,6,2,12279,BrkSide,2Story,RL,Gd,Attchd,Y,CBlock,445633
10910,3,3,2014,2021,1633,1098,1360,82,2,413,2,1,5,5,2,15087,CollgCr,1Story,FV,TA,Basment,Y,Stone,384658
10911,9,6,1966,1971,2333,243,1079,274,2,505,2,1,1,6,0,9786,Crawfor,2Story,RM,TA,Detchd,Y,CBlock,496042
10912,4,3,2018,2020,1539,1018,985,0,2,213,2,0,2,10,0,12895,CollgCr,1Story,RL,TA,Detchd,Y,CBlock,391948
10913,6,9,1963,1986,500,783,1321,734,0,398,3,1,2,4,0,10454,NAmes,1Story,RL,TA,Attchd,Y,PConc,338215
10914,10,7,1989,2013,1458,575,995,0,2,710,3,1,3,11,2,10752,CollgCr,1Story,RL,TA,Attchd,Y,Stone,593749
10915,7,5,2006,2011,2733,1624,400,536,3,574,2,1,4,5,1,5623,Gilbert,SFoyer,RL,TA,Attchd,Y,BrkTil,606940
10916,6,6,1955,1966,1890,1252,400,197,0,452,2,1,2,10,0,7330,Sawyer,1Story,RL,Gd,Detchd,Y,CBlock,433821
10917,7,7,1954,1975,1135,1038,1545,22,0,500,2,1,4,7,0,6718,Crawfor,1Story,RL,TA,Attchd,Y,PConc,466938
10918,9,4,2010,2015,1766,824,1531,522,2,585,3,0,1,8,0,4978,Sawyer,1.5Fin,RL,Gd,Basment,Y,PConc,548435
10919,5,5,1954,1989,1166,1168,1761,350,3,619,3,0,2,4,2,4042,Edwards,1Story,RL,Gd,Attchd,Y,PConc,429283
10920,8,5,1993,2000,891,1447,1094,701,1,380,1,0,4,9,2,7025,BrkSide,1Story,RH,Gd,Attchd,Y,PConc,483279
10921,9,4,2016,2019,1343,719,648,70,3,756,3,1,2,8,1,7548,Crawfor,1Story,RL,TA,Attchd,Y,PConc,583951
10922,7,8,1993,2019,1541,1048,953,223,0,717,2,1,3,7,2,8911,Gilbert,2Story,FV,TA,Attchd,Y,BrkTil,495157
10923,6,3,1984,1988,658,1397,1104,0,2,602,3,1,4,7,0,10915,Somerst,1Story,RL,TA,Attchd,Y,PConc,480864
10924,4,8,1979,1980,983,276,748,0,3,328,3,0,2,8,1,9251,Gilbert,1.5Fin,RL,Gd,Detchd,N,PConc,386381
10925,4,5,1995,1999,1505,1027,1677,989,1,296,3,1,5,7,0,7572,CollgCr,2Story,RL,Gd,None,Y,BrkTil,395189
10926,10,6,1990,1993,1316,878,1884,1075,2,421,1,1,5,11,2,5631,BrkSide,2Story,FV,Gd,Attchd,Y,Slab,578726
10927,7,4,1985,2008,1678,996,1267,478,0,491,1,1,5,3,1,12613,Crawfor,1Story,RL,Gd,Attchd,Y,PConc,504962
10928,5,5,1960,1966,953,849,1096,203,2,162,3,1,3,5,2,8119,Sawyer,2Story,RL,Gd,BuiltIn,Y,PConc,395491
10929,6,8,1997,2002,1821,1105,647,360,2,569,1,0,2,10,1,6993,CollgCr,1.5Fin,RL,Fa,Attchd,Y,CBlock,449953
10930,7,4,2002,2011,967,1819,1641,712,3,712,1,0,5,10,1,7816,NAmes,1.5Fin,RL,Gd,Detchd,Y,Slab,482251
10931,7,3,2000,2018,2239,920,1127,296,0,584,1,1,4,6,2,6112,Crawfor,1Story,RL,TA,Detchd,Y,CBlock,476175
10932,8,6,1955,1966,728,1167,999,521,1,358,2,1,4,7,2,6694,BrkSide,2Story,RL,Gd,BuiltIn,Y,PConc,449267
10933,5,4,1999,2004,1008,1848,1268,446,2,337,1,1,1,3,1,6599,Sawyer,2Story,RM,TA,Attchd,Y,CBlock,378630
10934,8,5,2001,2002,1688,830,895,279,3,534,1,1,5,4,1,7469,Crawfor,SLvl,C (all),TA,None,Y,CBlock,516599
10935,6,6,1963,1987,2249,1776,1151,292,0,452,2,1,3,11,1,11418,Somerst,1Story,RL,TA,None,Y,PConc,499933
10936,10,6,2010,2020,1642,1052,595,538,2,560,2,0,4,8,0,10209,BrkSide,2Story,RL,Gd,Attchd,Y,PConc,557446
10937,4,7,1987,1992,1753,1763,1480,157,3,588,2,1,5,3,1,17049,CollgCr,2Story,RM,TA,Detchd,Y,CBlock,455933
10938,4,7,1983,1989,1508,1350,1063,586,2,677,3,0,1,10,2,14663,CollgCr,1.5Fin,RL,Gd,Attchd,Y,CBlock,497062
10939,6,8,2001,2006,1038,1173,1506,309,1,276,3,0,1,6,2,20501,Somerst,2Story,RM,TA,Attchd,Y,PConc,504903
10940,7,3,1986,1993,1279,1024,1030,488,0,520,1,0,1,8,1,10932,OldTown,1.5Fin,RL,Ex,None,Y,CBlock,416480
10941,8,5,1988,1988,955,800,1052,865,1,415,3,1,4,10,1,10853,Edwards,1Story,RL,TA,Attchd,N,CBlock,427527
10942,6,3,1972,1986,925,1080,676,400,0,462,1,1,5,10,2,6826,Gilbert,1Story,RL,TA,Attchd,Y,PConc,416866
10943,10,3,2015,2015,1681,1409,1366,726,0,636,2,1,1,4,0,12327,NAmes,1Story,RL,TA,Attchd,Y,PConc,575658
10944,6,4,2018,2019,995,1045,793,0,1,655,2,0,1,6,0,6327,Sawyer,1.5Fin,RL,TA,Detchd,Y,PConc,381855
10945,4,7,1959,1967,1644,923,930,309,0,732,3,1,3,5,0,4386,NAmes,1Story,FV,Gd,Basment,Y,Stone,342529
10946,3,9,2002,2002,914,950,1100,458,0,557,1,0,2,11,0,16893,BrkSide,2Story,RL,TA,Detchd,Y,PConc,279394
10947,10,8,1951,1997,1633,1447,1142,1027,2,460,3,0,1,10,2,4845,CollgCr,SFoyer,RL,Gd,Detchd,Y,CBlock,565671
10948,4,7,1976,1979,1280,1540,503,0,0,434,2,0,4,8,0,10356,Sawyer,1.5Fin,RL,Gd,Attchd,Y,CBlock,335500
10949,10,8,2018,2018,2133,783,1019,421,0,168,3,1,5,3,0,5720,NridgHt,2Story,RL,Ex,Detchd,Y,BrkTil,634363
10950,5,4,1962,1968,1646,783,1378,887,2,721,3,0,2,10,1,14113,Edwards,2Story,RL,Gd,Attchd,Y,Stone,404853
10951,3,8,1976,1981,2056,1202,968,214,3,422,2,0,1,8,1,15005,CollgCr,1Story,RL,Gd,Attchd,Y,Slab,428339
10952,5,9,1965,2002,1160,1661,1021,386,2,571,1,0,2,5,2,10785,NAmes,2Story,RL,TA,Detchd,Y,CBlock,372649
10953,7,3,2001,2009,1525,1508,1157,550,0,602,3,1,1,6,2,14894,OldTown,2Story,RL,Gd,None,Y,PConc,493511
10954,6,6,1982,2005,1059,549,1056,505,0,256,2,1,3,7,1,8528,CollgCr,2Story,RL,TA,Detchd,Y,PConc,446460
10955,9,8,1992,1995,1314,944,739,920,2,314,2,0,1,5,0,23230,NAmes,1Story,RL,Gd,Detchd,Y,PConc,565037
10956,7,6,2016,2021,1382,678,1087,585,2,758,2,0,2,11,0,11892,Sawyer,1Story,RL,TA,Attchd,Y,CBlock,496517
10957,6,8,1986,1990,1173,943,1448,848,1,532,1,0,1,11,2,5668,CollgCr,2Story,FV,Gd,Attchd,Y,PConc,455980
10958,8,9,2002,2008,953,1692,732,342,3,375,1,1,4,3,1,8770,CollgCr,2Story,RM,Gd,Detchd,Y,PConc,546420
10959,10,6,1956,1986,864,481,969,228,3,457,3,0,3,11,2,7936,OldTown,1.5Fin,C (all),TA,Detchd,Y,PConc,507560
10960,6,3,1965,2013,500,402,616,382,2,676,1,0,1,6,1,7594,Edwards,2Story,RH,TA,Detchd,Y,CBlock,316768
10961,4,5,2017,2021,1025,719,1429,102,2,648,2,0,1,10,2,4032,Somerst,1.5Fin,RL,Fa,Detchd,Y,PConc,395572
10962,6,4,2011,2018,1782,1165,1068,595,3,216,3,0,3,10,1,10116,Sawyer,2Story,RL,Gd,Attchd,Y,PConc,538106
10963,9,6,1996,2000,781,1298,802,334,0,774,1,0,3,8,2,4556,NridgHt,2Story,RL,Fa,Attchd,Y,CBlock,494802
10964,4,7,1976,1979,884,1225,1132,248,2,654,2,0,1,9,1,2728,Somerst,2Story,RL,TA,Attchd,Y,CBlock,383500
10965,10,6,1964,1970,2306,1520,679,600,3,453,3,0,2,9,0,7281,Edwards,1Story,C (all),TA,Detchd,Y,BrkTil,560465
10966,7,4,2010,2012,1214,345,738,107,0,265,3,1,4,10,0,6049,CollgCr,1Story,RL,Ex,None,N,CBlock,418033
10967,7,5,2005,2010,1644,1525,589,681,0,670,1,0,3,6,0,5768,Sawyer,1.5Fin,RL,Ex,Detchd,Y,CBlock,490095
10968,5,7,1967,1974,1789,925,727,306,1,566,2,1,1,9,1,2104,OldTown,1Story,RL,Ex,Detchd,Y,PConc,410046
10969,10,3,1991,1992,1798,1343,1575,798,1,218,1,0,2,11,2,5796,BrkSide,2Story,FV,TA,Detchd,Y,PConc,540540
10970,3,4,1993,1994,815,521,843,332,3,438,2,0,1,11,1,7861,NridgHt,1Story,RL,Gd,Attchd,Y,CBlock,378570
10971,5,9,1983,1992,1396,1052,1263,640,1,1043,1,0,5,4,2,6390,NridgHt,2Story,RL,Gd,Attchd,Y,PConc,484099
10972,6,3,2015,2021,772,1145,807,504,2,483,3,1,5,7,0,10119,Somerst,1Story,RL,TA,Attchd,Y,CBlock,432101
10973,6,5,1958,2006,2601,1512,1366,673,3,346,1,1,2,7,1,15907,Crawfor,2Story,RL,Fa,CarPort,Y,Slab,484305
10974,6,4,1968,1972,782,416,741,483,3,298,3,0,2,8,1,10723,Edwards,2Story,RL,TA,Attchd,Y,PConc,363703
10975,4,3,1956,1956,1028,1062,1114,0,2,799,2,1,1,8,0,13490,Edwards,1Story,RL,TA,Detchd,Y,CBlock,318307
10976,4,5,1999,2006,1032,616,1118,753,3,633,3,1,4,10,1,14002,BrkSide,2Story,RL,Gd,Attchd,Y,PConc,441757
10977,3,6,1995,1996,827,1252,1915,424,2,733,1,0,5,7,1,5374,NridgHt,1.5Fin,RL,TA,Detchd,Y,PConc,385208
10978,7,4,2020,2021,2109,1361,1321,687,0,525,1,1,2,9,1,10357,Edwards,2Story,RL,Ex,Attchd,Y,PConc,516743
10979,5,3,1988,1993,2590,1565,892,657,2,706,2,0,4,11,1,13302,CollgCr,SFoyer,RH,Gd,None,Y,CBlock,495590
10980,7,3,1960,1990,1286,836,1340,218,1,327,3,0,2,3,0,6986,CollgCr,2Story,RL,Gd,Attchd,Y,Stone,448052
10981,7,7,1982,2020,906,1421,1848,176,1,509,3,1,5,8,2,5955,Gilbert,2Story,RL,Gd,CarPort,Y,PConc,531337
10982,8,9,1956,1962,500,1594,530,647,2,532,3,0,2,6,0,10791,CollgCr,2Story,RL,TA,Detchd,Y,CBlock,453037
10983,7,4,1997,2003,1390,393,805,359,1,729,2,0,1,11,2,4364,NAmes,SLvl,FV,TA,Attchd,Y,PConc,456202
10984,8,5,1997,2009,1358,1295,1017,731,0,537,3,0,5,7,2,5209,NAmes,2Story,RL,Gd,Detchd,Y,PConc,465775
10985,7,5,2010,2014,1207,1433,954,397,3,367,2,1,5,8,0,6297,Crawfor,1Story,RL,Ex,Detchd,Y,CBlock,496067
10986,8,5,1974,1980,1600,947,984,757,2,492,3,1,2,9,0,10410,Somerst,1.5Fin,RM,Ex,Attchd,Y,CBlock,563986
10987,7,4,1972,1979,1678,566,644,577,2,178,3,0,5,5,1,9380,Somerst,SLvl,RL,Ex,Detchd,Y,CBlock,511648
10988,5,3,1955,2004,1645,1427,1591,536,3,62,3,0,2,7,2,13526,BrkSide,1Story,RL,TA,Detchd,Y,Slab,441749
10989,4,6,1979,2011,1358,570,602,338,2,630,2,0,2,9,1,5614,OldTown,1Story,RL,TA,Detchd,Y,PConc,349703
10990,9,5,1983,1987,1004,979,1030,520,2,413,2,1,3,9,1,5480,Gilbert,2Story,RL,Gd,Detchd,Y,CBlock,526412
10991,5,5,2003,2009,1800,1034,1466,808,3,433,2,1,4,5,2,10760,Sawyer,2Story,FV,Gd,Detchd,Y,PConc,444044
10992,7,4,2003,2006,1506,1336,1089,434,1,630,3,0,2,10,1,5934,Edwards,1Story,RL,TA,Attchd,Y,CBlock,442464
10993,4,9,1959,1962,1900,799,757,609,3,731,3,1,4,4,2,6479,Gilbert,2Story,FV,TA,Attchd,Y,PConc,444815
10994,6,7,1970,1972,1856,776,628,464,2,576,3,1,4,5,2,3686,Crawfor,2Story,RH,TA,Attchd,Y,PConc,468512
10995,7,5,1986,2004,860,1090,1020,487,0,827,3,0,1,10,0,9689,CollgCr,1Story,RL,Gd,Detchd,Y,CBlock,433358
10996,8,4,1973,1977,855,1453,835,967,0,570,3,0,5,8,1,17007,NAmes,2Story,RL,TA,Attchd,Y,PConc,483310
10997,7,8,1951,2004,1160,1965,1172,811,3,534,3,0,1,7,0,5349,Gilbert,1Story,RL,Gd,Attchd,Y,CBlock,497468
10998,5,9,2010,2015,1025,447,609,474,3,523,3,1,3,8,0,13461,Edwards,2Story,RM,TA,BuiltIn,Y,Stone,414877
10999,10,3,2001,2020,1840,1176,1385,514,3,249,3,1,3,11,0,8276,Somerst,1Story,RL,Gd,Attchd,Y,CBlock,650000
11000,7,9,1986,1990,1658,615,1140,239,0,652,1,0,3,5,0,3841,CollgCr,1.5Fin,RL,TA,Attchd,Y,CBlock,438280
11001,9,7,1972,2017,1995,1458,1166,398,3,40,3,0,1,5,0,5683,BrkSide,1Story,FV,Ex,BuiltIn,Y,Slab,611164
11002,8,3,2009,2010,1678,675,1604,543,3,374,2,0,2,7,2,5527,Sawyer,SLvl,RL,TA,Detchd,Y,CBlock,463622
11003,7,8,1952,1953,1594,780,947,705,3,484,3,0,1,10,1,7372,Crawfor,2Story,RM,Gd,BuiltIn,Y,PConc,491445
11004,10,3,1981,2001,2040,814,846,675,1,338,2,0,5,7,1,10266,Edwards,1Story,RL,TA,Attchd,N,CBlock,569308
11005,4,3,2006,2011,1711,1020,908,117,2,399,2,0,1,9,2,19533,Crawfor,SFoyer,RL,Gd,Detchd,Y,CBlock,430747
11006,10,3,2017,2021,1531,1179,1033,743,1,811,3,1,3,10,2,4464,Somerst,2Story,RL,TA,CarPort,Y,CBlock,574333
11007,9,6,1967,1974,2166,1243,1068,423,0,679,2,1,2,11,1,6834,NridgHt,2Story,RL,Gd,Attchd,Y,CBlock,597805
11008,7,7,1996,1998,1552,1048,809,154,2,357,3,0,1,7,1,5680,Sawyer,SLvl,RL,TA,Attchd,Y,PConc,483631
11009,8,5,1963,1990,1363,518,400,851,0,395,1,1,2,7,1,4804,Somerst,SLvl,RL,TA,Attchd,Y,CBlock,451693
11010,7,3,1958,2012,1123,1341,904,889,0,250,3,1,5,3,1,8873,Somerst,2Story,RL,Gd,Basment,Y,PConc,533843
11011,5,4,1975,1978,1816,1029,1226,529,0,607,2,1,3,3,1,8506,CollgCr,SFoyer,C (all),Gd,Attchd,Y,BrkTil,437690
11012,9,8,2012,2018,2057,1515,1148,663,1,435,3,1,5,7,0,3758,OldTown,1Story,RL,Gd,Detchd,Y,CBlock,541676
11013,4,9,1998,2014,1477,767,1520,680,0,126,1,1,5,9,0,8570,Sawyer,1Story,RL,Gd,Detchd,Y,Slab,311380
11014,5,8,1984,2011,2089,409,1784,869,3,498,2,0,3,10,0,4941,NAmes,1Story,RL,TA,None,Y,PConc,428889
11015,7,3,1970,1986,613,1036,1366,668,3,559,2,1,5,6,1,8545,Sawyer,1Story,RL,Ex,Attchd,Y,PConc,458127
11016,9,8,1960,1999,1475,1568,1584,52,3,653,1,0,2,8,2,15049,OldTown,2Story,RL,Ex,Detchd,Y,PConc,620361
11017,6,7,1969,1987,1482,1114,1368,1053,1,467,2,1,3,10,1,10469,CollgCr,1Story,RL,Gd,None,Y,PConc,456515
11018,6,6,1960,1997,1173,970,1698,770,0,413,2,0,4,5,0,9207,Sawyer,2Story,RL,Gd,Attchd,N,PConc,409673
11019,3,4,1963,1990,2573,702,1748,297,2,838,3,0,3,4,1,6700,CollgCr,1Story,RL,Gd,Detchd,Y,CBlock,442358
11020,3,9,1998,2003,1470,1753,1433,141,2,481,3,0,5,11,2,8760,Crawfor,1Story,RL,TA,Attchd,Y,PConc,455099
11021,3,6,1959,1981,1317,638,1347,601,0,610,2,0,1,7,1,10952,Crawfor,2Story,C (all),Ex,Attchd,Y,Slab,283385
11022,3,3,1953,1996,1512,760,1028,367,3,383,2,0,3,4,0,10474,Edwards,1Story,RL,TA,Attchd,Y,PConc,324217
11023,9,4,1988,2003,599,1278,1086,549,1,604,1,1,4,5,0,8129,Edwards,2Story,RM,TA,Attchd,Y,PConc,484310
11024,9,5,1970,2015,1158,308,982,673,3,218,3,1,2,5,1,9373,NAmes,2Story,RL,Gd,Attchd,Y,CBlock,571064
11025,9,3,1982,1993,1942,1560,1317,280,0,397,3,0,5,4,2,4700,Gilbert,2Story,RM,TA,BuiltIn,Y,PConc,556788
11026,3,5,1959,1965,1217,1300,848,115,1,263,3,0,2,6,0,6108,CollgCr,1.5Fin,RM,TA,Attchd,Y,CBlock,292026
11027,3,6,1964,1991,1127,1410,1033,566,1,371,2,0,2,10,2,11687,Crawfor,SLvl,RL,TA,Attchd,Y,CBlock,358889
11028,5,9,1981,1985,2089,1273,400,290,0,705,2,0,2,9,2,12416,Crawfor,1Story,RL,Gd,Detchd,Y,CBlock,464977
11029,7,3,1998,2002,2103,986,1703,494,2,370,3,1,4,11,0,8866,NAmes,2Story,RL,TA,None,Y,CBlock,494414
11030,5,7,1979,1979,1733,625,1023,47,3,609,3,1,1,10,0,16537,Sawyer,1Story,RL,Gd,Attchd,Y,CBlock,452428
11031,6,9,1988,1991,1295,994,1259,374,2,753,1,0,1,5,0,10683,Edwards,1Story,RL,TA,Attchd,Y,Stone,363132
11032,4,8,1987,2017,1392,660,1610,664,1,475,2,0,4,3,1,7653,Somerst,2Story,RL,Gd,Attchd,N,PConc,406315
11033,8,9,1969,1985,1138,1244,1205,632,2,659,2,1,2,4,0,4910,CollgCr,2Story,RL,Gd,BuiltIn,Y,CBlock,505248
11034,5,4,1969,1981,1052,1373,1606,213,1,576,2,1,1,10,2,16240,Sawyer,1.5Fin,C (all),TA,BuiltIn,Y,CBlock,394137
11035,3,8,1980,1987,1030,1641,665,100,1,501,2,0,2,6,0,12022,CollgCr,2Story,RL,Gd,Attchd,Y,PConc,330687
11036,8,9,1952,1997,1222,1199,1939,455,3,615,1,1,2,9,1,19093,BrkSide,2Story,RL,Gd,Attchd,Y,CBlock,533944
11037,10,5,1998,2000,1034,1420,1480,618,2,811,2,0,1,7,2,22537,Edwards,2Story,RL,TA,Detchd,Y,CBlock,572575
11038,3,6,1993,2009,796,931,1173,572,1,365,1,0,5,11,0,4763,NridgHt,1Story,C (all),Gd,Detchd,Y,PConc,338969
11039,6,6,1971,2007,1599,859,1599,296,1,307,1,1,1,7,0,4769,Crawfor,1Story,RL,Gd,Attchd,Y,PConc,440024
11040,9,6,1976,2020,1606,1239,691,539,3,297,1,1,3,11,2,2343,Sawyer,2Story,RL,Gd,Attchd,Y,CBlock,557571
11041,8,5,1973,1974,2265,895,999,901,2,659,2,0,2,5,0,12850,Somerst,2Story,RL,TA,Attchd,Y,PConc,557355
11042,9,9,1996,2002,1199,1158,1605,512,0,683,2,1,2,9,1,11421,Edwards,1Story,RL,TA,Detchd,N,PConc,483572
11043,6,9,2003,2003,1633,626,447,0,3,383,2,0,1,7,0,8882,Edwards,1Story,RL,TA,None,N,CBlock,404258
11044,5,5,1957,2006,1641,697,1296,511,2,96,1,1,5,4,0,4895,OldTown,1Story,C (all),TA,Attchd,Y,CBlock,402979
11045,8,8,1979,1985,1386,1304,1286,1063,1,359,3,0,5,5,1,8166,Crawfor,2Story,RL,TA,CarPort,Y,CBlock,508485
11046,4,5,1950,2013,1835,1405,1789,64,3,579,2,1,1,5,1,9237,CollgCr,1Story,RL,TA,Attchd,Y,PConc,459910
11047,4,8,1982,1988,1849,656,546,459,3,468,2,1,1,4,1,12089,Edwards,1Story,RL,TA,Detchd,Y,PConc,457965
11048,7,7,1967,1973,1647,1318,1663,382,3,512,2,1,5,11,2,9611,Gilbert,1Story,RL,TA,Basment,Y,CBlock,545782
11049,8,6,1973,1974,1385,837,904,479,1,386,2,1,3,4,0,11459,OldTown,1Story,RM,TA,Detchd,Y,PConc,427790
11050,3,3,1982,2003,1339,1057,944,508,3,663,2,1,1,8,1,8038,BrkSide,2Story,RL,Gd,Attchd,Y,BrkTil,375201
11051,7,7,1972,1992,885,1617,672,792,3,542,3,0,1,8,0,14465,CollgCr,SLvl,RL,Ex,Attchd,Y,CBlock,479604
11052,5,5,1977,1979,1137,1373,719,475,3,586,3,1,3,7,2,11295,NAmes,1Story,RL,Gd,BuiltIn,Y,PConc,473392
11053,7,4,2004,2010,1220,1368,1241,833,2,509,3,0,3,8,1,4983,NridgHt,2Story,RL,TA,Detchd,Y,CBlock,558103
11054,10,4,2007,2014,994,1814,711,415,1,574,2,1,4,11,2,15882,Somerst,2Story,RM,Fa,Attchd,Y,BrkTil,649826
11055,3,9,1950,1989,1698,768,1359,345,0,563,2,0,1,11,0,14755,Crawfor,2Story,RL,TA,Detchd,Y,BrkTil,316591
11056,10,3,1976,1986,2038,656,868,249,3,313,1,1,2,10,1,10481,Edwards,1Story,FV,TA,Attchd,N,CBlock,560847
11057,6,8,2010,2016,1091,761,675,0,2,547,2,0,2,7,0,9645,NAmes,1Story,RL,TA,Attchd,Y,PConc,446255
11058,9,9,1987,1991,1628,948,915,533,3,622,3,1,3,9,0,17929,OldTown,SLvl,C (all),TA,BuiltIn,Y,CBlock,603224
11059,6,3,1964,1987,1035,108,1218,1066,2,688,1,0,2,4,2,4076,Edwards,SLvl,RM,TA,Attchd,N,CBlock,330366
11060,5,7,1992,1995,1363,967,1003,587,2,555,3,0,2,10,2,14859,NridgHt,1Story,RL,Gd,Attchd,Y,CBlock,563518
11061,9,7,1960,1983,1189,832,1112,656,0,306,3,0,5,4,0,6860,CollgCr,2Story,RL,TA,Attchd,Y,PConc,490085
11062,8,5,1951,1958,1771,1364,1344,326,1,334,2,1,3,4,1,13914,Somerst,1Story,RM,Gd,CarPort,Y,BrkTil,493207
11063,4,7,1994,2005,1195,1191,1479,377,2,402,2,0,3,10,2,8973,BrkSide,1Story,RL,Gd,Attchd,N,CBlock,381163
11064,8,5,1986,1991,1955,810,991,745,0,514,3,0,1,9,0,4859,Edwards,1Story,RL,Gd,Attchd,Y,PConc,471458
11065,9,6,2003,2005,1389,1286,735,1053,0,458,1,0,1,4,2,6798,NridgHt,2Story,RM,Gd,Attchd,Y,PConc,587209
11066,6,6,1974,1995,1208,1339,1127,896,2,278,1,0,4,11,0,13462,CollgCr,1Story,FV,Gd,Attchd,Y,PConc,434197
11067,10,8,2010,2015,936,743,1265,692,0,277,1,1,5,4,1,7733,Gilbert,1Story,RL,Gd,Attchd,Y,CBlock,535393
11068,8,7,1979,1982,1614,853,589,461,2,102,3,0,3,3,2,6426,CollgCr,1Story,RM,TA,Attchd,Y,PConc,547752
11069,5,5,2002,2006,1903,160,788,513,1,0,2,0,1,11,2,6407,Somerst,1Story,RL,Gd,Attchd,Y,CBlock,484400
11070,3,9,1957,1965,1623,614,848,224,1,456,1,0,3,5,0,11348,OldTown,1Story,RL,TA,Detchd,Y,PConc,303979
11071,8,8,1956,2004,2507,753,1027,16,0,898,1,0,2,5,0,18687,NAmes,2Story,RL,Ex,Attchd,Y,PConc,595150
11072,4,9,2005,2011,2143,1080,834,112,1,803,2,1,1,10,0,3244,OldTown,2Story,RM,Fa,Attchd,Y,PConc,368706
11073,9,8,2009,2013,1362,672,1347,465,2,304,2,0,1,8,1,29975,CollgCr,1Story,RL,TA,Detchd,Y,PConc,580151
11074,7,5,2016,2021,1357,845,538,362,2,507,1,0,3,7,0,9316,BrkSide,1Story,RL,TA,Attchd,N,PConc,402755
11075,6,8,1973,2000,1711,560,547,9,1,216,1,1,3,11,2,11036,CollgCr,2Story,C (all),TA,Attchd,Y,PConc,460834
11076,4,5,1951,1988,1123,1118,983,439,0,244,3,1,3,3,0,6985,Crawfor,1Story,RL,TA,None,Y,CBlock,324379
11077,8,4,2019,2021,2025,1220,1039,354,3,264,3,0,4,11,1,8487,Somerst,1Story,RL,Gd,Detchd,Y,CBlock,622729
11078,4,6,1992,2016,1663,1211,591,98,3,439,1,1,2,5,2,9269,CollgCr,1.5Fin,RL,Gd,Detchd,Y,CBlock,418296
11079,6,9,1967,1982,1615,1055,888,339,3,447,2,1,2,8,1,5301,Edwards,2Story,RL,TA,Detchd,Y,PConc,425487
11080,9,6,2004,2006,1809,434,960,354,1,525,1,0,4,5,1,5915,CollgCr,1Story,RL,Ex,None,Y,PConc,536577
11081,10,5,2014,2017,2275,802,962,265,2,599,2,1,1,5,0,14485,BrkSide,1Story,RH,Ex,Attchd,Y,PConc,634352
11082,10,6,1970,2009,1577,887,1153,728,0,419,1,0,1,5,2,4227,NAmes,1Story,RL,TA,Attchd,Y,CBlock,538208
11083,10,5,2004,2007,1449,889,868,0,3,487,3,0,5,8,2,10366,BrkSide,1Story,RL,Gd,BuiltIn,Y,CBlock,609270
11084,7,7,2005,2012,2179,1080,1617,0,0,283,3,1,2,10,2,7195,NAmes,1.5Fin,RL,TA,Attchd,N,CBlock,504017
11085,4,5,1985,1988,1935,1620,1271,451,1,238,3,1,1,4,0,5517,OldTown,2Story,RM,Gd,Detchd,Y,CBlock,378900
11086,9,6,1994,2002,1356,1375,818,479,3,210,1,1,4,8,1,20644,NAmes,1Story,RL,Gd,Attchd,Y,PConc,616385
11087,9,5,1969,1972,1502,655,1133,571,2,597,3,0,3,10,2,5532,Sawyer,1Story,RL,Gd,Attchd,Y,PConc,565335
11088,10,5,2015,2020,1588,1321,1143,288,3,419,2,0,1,9,2,5112,Somerst,1Story,RL,TA,Detchd,Y,Slab,602774
11089,8,9,2019,2021,1663,1306,1525,175,1,143,1,1,5,11,1,7814,Crawfor,1Story,RL,TA,Detchd,Y,PConc,588777
11090,4,5,2019,2019,890,728,890,448,0,469,1,0,2,3,2,6015,OldTown,2Story,RL,TA,Detchd,Y,PConc,290776
11091,7,3,2002,2004,806,1390,1369,318,0,255,3,1,4,6,0,8524,NAmes,1Story,RL,Gd,Attchd,Y,PConc,478012
11092,6,5,1953,1991,1101,986,1115,915,0,779,3,0,4,6,2,9116,Gilbert,1.5Fin,RL,Gd,Attchd,Y,Stone,422048
11093,9,6,1976,1987,1066,486,1622,353,0,376,3,0,5,7,1,9447,Somerst,2Story,RL,TA,Detchd,Y,BrkTil,501611
11094,6,3,1981,1994,1210,1232,1552,434,1,603,1,0,4,5,2,8039,Gilbert,SLvl,C (all),Gd,Attchd,Y,PConc,477042
11095,5,5,2018,2019,1786,1137,1169,1193,0,676,2,1,4,5,1,6197,Edwards,1.5Fin,FV,Gd,Detchd,Y,PConc,404724
11096,3,4,1988,1989,1424,959,1008,392,0,308,3,0,1,10,1,11354,Sawyer,SLvl,RL,TA,Detchd,Y,CBlock,314582
11097,9,6,1988,1992,1588,1035,1277,617,1,494,1,1,5,5,2,8083,CollgCr,SFoyer,RL,TA,Attchd,Y,PConc,597388
11098,9,8,1960,1998,949,762,1037,644,2,580,1,1,1,11,2,6801,Crawfor,1Story,C (all),Gd,Attchd,Y,PConc,503418
11099,3,9,2006,2006,1292,1294,1688,669,2,501,1,0,2,3,2,16545,CollgCr,1Story,RL,Ex,BuiltIn,Y,CBlock,443326
11100,6,5,1973,2004,1764,1033,1127,537,0,545,1,0,3,6,0,8048,Gilbert,1Story,RH,Fa,Attchd,Y,PConc,429751
11101,6,9,1956,1973,1768,1117,958,508,3,241,3,1,2,8,1,13894,CollgCr,2Story,RL,TA,Attchd,Y,PConc,506037
11102,6,4,2020,2021,1174,1193,939,480,2,580,1,0,3,11,2,14763,Gilbert,2Story,RL,TA,None,N,CBlock,398873
11103,10,8,1963,1967,1573,588,675,277,1,392,1,0,1,9,2,15173,BrkSide,1Story,RL,TA,Attchd,N,CBlock,522974
11104,4,6,1951,1984,2489,692,1295,548,1,543,1,1,3,3,1,11601,BrkSide,1.5Fin,FV,TA,BuiltIn,Y,CBlock,409924
11105,5,8,1955,1993,1492,166,813,1059,3,646,3,0,2,9,2,8498,Edwards,2Story,RL,TA,Attchd,Y,PConc,435391
11106,4,8,1982,1982,1188,1276,1484,813,1,600,2,1,4,5,1,8259,Edwards,2Story,RL,TA,Attchd,Y,PConc,366033
11107,4,6,1957,1982,1422,565,647,541,0,543,3,0,3,10,0,7616,BrkSide,1Story,RL,TA,Detchd,Y,BrkTil,306973
11108,10,4,2009,2011,1541,1103,1145,707,1,596,1,0,4,9,2,3206,Somerst,1Story,C (all),Gd,Attchd,Y,PConc,618008
11109,10,6,1986,1993,1432,1198,1503,189,0,604,2,1,1,4,1,11746,NridgHt,2Story,RM,TA,Detchd,Y,PConc,563019
11110,3,8,1972,1979,1486,1291,400,372,0,749,3,1,5,6,1,9488,CollgCr,1Story,FV,TA,Attchd,Y,PConc,416173
11111,8,9,1950,1969,850,568,1806,734,1,474,3,0,2,10,0,12324,Edwards,2Story,RL,Gd,Detchd,N,PConc,400816
11112,4,9,1984,1990,1067,1024,951,896,0,510,2,1,2,11,0,8064,OldTown,1Story,RM,TA,BuiltIn,Y,CBlock,309316
11113,4,4,1960,1995,1433,1718,1149,219,1,648,1,1,3,8,1,11464,Sawyer,1Story,RL,TA,Detchd,Y,PConc,410511
11114,5,7,2019,2021,1426,1736,1300,305,0,392,1,0,1,4,2,4573,CollgCr,1Story,RL,Gd,Attchd,Y,CBlock,450665
11115,4,3,1970,1990,1245,1445,1354,1104,2,240,2,0,5,6,0,5022,Edwards,2Story,RL,TA,Attchd,Y,PConc,358153
11116,6,7,1983,2001,1420,1185,1196,479,0,569,2,0,2,10,2,2789,BrkSide,1Story,RL,Ex,Attchd,Y,CBlock,448782
11117,10,9,1951,2006,1527,648,1449,997,0,443,1,1,5,8,2,8001,Somerst,SFoyer,RL,TA,CarPort,Y,CBlock,550018
11118,7,3,1959,1963,1900,1337,1282,512,3,263,1,1,1,4,1,6004,BrkSide,1Story,RL,Fa,Detchd,Y,PConc,449446
11119,8,7,1964,2014,1455,987,1716,524,0,570,2,0,5,5,2,5661,CollgCr,SLvl,RM,TA,Detchd,Y,CBlock,511082
11120,6,9,1953,1961,1680,1274,1283,358,1,738,1,1,2,4,2,9881,Edwards,1Story,RM,TA,Attchd,Y,Slab,382812
11121,3,8,2001,2008,1256,797,1788,733,2,187,2,1,4,7,2,7019,Somerst,1Story,RL,TA,Attchd,Y,PConc,406834
11122,3,5,2017,2017,1757,981,1415,857,1,664,1,1,5,7,2,4460,Edwards,SFoyer,FV,TA,Attchd,Y,CBlock,384255
11123,5,3,2019,2021,1669,1116,468,139,1,23,1,1,1,7,2,26715,Sawyer,2Story,RL,TA,Attchd,Y,CBlock,471835
11124,4,9,1968,2012,1890,1149,2014,344,0,408,1,0,2,11,2,8360,NAmes,2Story,RL,Gd,Attchd,Y,CBlock,355263
11125,9,9,2006,2013,1821,1247,899,725,1,811,2,0,5,8,0,5221,Somerst,2Story,RL,TA,Attchd,N,PConc,572466
11126,9,7,1985,1999,1765,818,1623,411,3,421,1,1,1,8,1,6288,NAmes,1Story,RL,TA,Attchd,Y,PConc,524191
11127,9,9,1953,1979,1456,513,1109,302,2,496,2,0,1,6,2,7863,NridgHt,2Story,RL,TA,Detchd,Y,PConc,577986
11128,8,3,1956,1956,1610,1700,1471,753,3,617,3,0,3,8,1,7855,BrkSide,1Story,RL,Gd,Attchd,Y,PConc,533998
11129,7,7,1988,1993,1979,2046,859,781,2,171,3,1,1,11,0,15272,NAmes,2Story,RM,Gd,Attchd,Y,PConc,588468
11130,8,3,1980,1981,1207,1229,1319,315,3,493,3,1,5,3,2,8202,Edwards,SLvl,RL,Gd,BuiltIn,Y,BrkTil,497652
11131,6,9,1950,1983,1217,520,1011,514,1,492,3,1,5,6,1,19588,Somerst,1.5Fin,RM,Gd,Detchd,Y,PConc,479602
11132,8,7,2016,2017,1582,741,1653,87,2,815,3,1,1,3,2,6997,Sawyer,2Story,RH,Gd,Attchd,Y,PConc,553657
11133,9,9,2001,2002,1687,1254,1254,181,2,258,3,1,1,4,0,10298,NAmes,2Story,RL,Gd,BuiltIn,Y,PConc,645939
11134,9,6,1985,1987,1129,1586,1428,487,3,411,1,0,4,3,0,13463,Edwards,2Story,RL,TA,Detchd,Y,PConc,535233
11135,7,3,2020,2021,1466,565,400,459,2,313,2,0,3,8,1,14554,Gilbert,1Story,RL,Ex,Detchd,Y,CBlock,543859
11136,3,3,2018,2021,1458,1000,1070,160,1,294,3,0,5,10,0,15339,Somerst,1.5Fin,RL,TA,Basment,Y,CBlock,440990
11137,8,5,2019,2021,503,1128,1244,235,0,683,3,1,5,11,1,7521,Sawyer,2Story,RL,Gd,Attchd,Y,PConc,486476
11138,5,8,1968,1980,1401,1396,1178,130,3,485,2,1,3,5,1,8479,OldTown,1Story,RL,TA,Detchd,Y,PConc,406636
11139,8,4,2012,2018,1429,913,1436,587,1,380,1,1,2,9,0,2785,Crawfor,2Story,RL,TA,Attchd,Y,PConc,485534
11140,7,8,1985,2015,1428,424,972,0,3,387,1,1,4,5,2,7782,NAmes,1Story,RL,TA,Attchd,N,Slab,469026
11141,10,4,2001,2006,2137,1298,1117,147,2,379,2,1,4,5,0,13889,NAmes,1.5Fin,RL,TA,Attchd,Y,PConc,565385
11142,5,6,2011,2012,953,1500,1513,0,0,395,3,0,3,8,2,12726,Somerst,1.5Fin,RL,TA,Attchd,Y,PConc,450713
11143,10,4,1961,1997,1129,1017,400,576,2,252,2,1,2,9,0,8176,Edwards,1Story,RL,Gd,Attchd,Y,PConc,537151
11144,9,6,1981,1998,500,1212,1306,0,1,433,1,1,2,8,1,18259,NridgHt,1Story,RM,TA,Detchd,Y,PConc,520869
11145,5,6,1959,1993,1284,860,983,460,0,415,3,1,3,3,2,7151,CollgCr,2Story,RL,Gd,Attchd,Y,PConc,395022
11146,6,3,1969,1970,1322,712,781,942,1,344,2,0,3,6,0,6158,CollgCr,1Story,RL,TA,Attchd,Y,Slab,391862
11147,7,6,1979,2012,1271,1461,1218,952,2,508,2,1,3,5,2,6885,Sawyer,SFoyer,RL,TA,Attchd,Y,PConc,462261
11148,9,8,2010,2017,1998,1205,1530,0,0,523,3,0,1,3,0,5129,OldTown,1Story,RL,Gd,Attchd,N,PConc,571811
11149,8,9,2011,2019,1887,1246,1464,540,2,380,2,0,5,3,2,11247,Sawyer,1Story,RL,TA,Attchd,Y,PConc,562566
11150,9,5,1977,2019,1535,1651,1053,153,3,454,2,0,4,7,2,9678,NridgHt,1Story,RL,Gd,Attchd,Y,PConc,615592
11151,5,9,1973,2015,1333,628,1407,92,0,869,3,0,5,3,0,11185,NAmes,2Story,RL,TA,Detchd,Y,Slab,367267
11152,7,9,1987,2002,1962,829,1404,416,0,862,2,1,5,9,1,7054,Sawyer,2Story,RL,TA,None,Y,CBlock,468162
11153,6,9,2014,2021,1491,1113,1069,818,0,290,2,0,4,3,2,8281,BrkSide,1.5Fin,RL,TA,Attchd,Y,BrkTil,435179
11154,10,5,2019,2021,1132,824,857,630,2,315,2,0,2,5,0,3189,Gilbert,SFoyer,RM,TA,Attchd,Y,CBlock,523497
11155,5,8,1966,1967,728,1363,878,235,3,289,3,1,4,11,0,10068,NAmes,2Story,RL,Gd,BuiltIn,Y,CBlock,399223
11156,7,6,1963,1968,1301,975,1393,662,3,670,1,1,3,9,0,8887,Somerst,1Story,RL,TA,Detchd,Y,CBlock,462281
11157,3,3,2000,2008,1840,653,1085,0,0,408,1,1,5,8,1,5180,BrkSide,1Story,RL,TA,None,Y,CBlock,297631
11158,9,4,1971,2007,2524,1076,734,224,1,523,3,0,2,3,2,8109,NridgHt,1.5Fin,RL,Gd,Detchd,Y,CBlock,617960
11159,6,7,1964,1987,1528,1118,510,203,0,839,2,0,1,3,1,7569,OldTown,1Story,RL,Gd,Detchd,N,CBlock,382999
11160,5,4,1952,2002,1156,1424,1391,473,1,478,1,1,1,11,1,18803,CollgCr,1.5Fin,RL,Ex,Attchd,Y,CBlock,421991
11161,7,6,1978,1979,967,1207,909,389,1,607,2,0,1,10,2,5273,Sawyer,1.5Fin,RL,TA,Attchd,Y,PConc,452785
11162,6,8,1977,1980,1748,1234,1216,408,2,574,1,1,4,11,0,9867,Gilbert,2Story,C (all),TA,Detchd,N,CBlock,464305
11163,9,4,1989,2011,706,1178,1534,398,3,374,2,0,1,10,2,5203,BrkSide,2Story,RL,Gd,Detchd,Y,PConc,489347
11164,7,6,1964,1982,1748,975,642,457,3,671,1,0,1,3,0,6613,BrkSide,SLvl,RL,Gd,BuiltIn,Y,CBlock,464329
11165,7,4,2000,2005,1868,764,1084,612,0,327,2,1,2,10,0,9628,OldTown,2Story,RL,TA,None,Y,CBlock,403330
11166,3,6,1998,2005,1696,1166,1040,495,0,721,3,0,4,7,2,7729,NridgHt,2Story,RL,Gd,Attchd,Y,CBlock,444149
11167,3,4,1982,1984,1401,917,1233,365,1,374,1,1,3,9,1,8477,NAmes,1Story,RL,Gd,Attchd,Y,CBlock,351328
11168,6,9,1962,2008,1754,1726,1534,571,1,394,3,0,2,6,1,9873,NAmes,2Story,RL,TA,Basment,Y,CBlock,472485
11169,10,3,1985,2003,1577,1587,635,698,1,284,1,1,2,9,0,6807,NAmes,1Story,RM,Gd,BuiltIn,Y,CBlock,579855
11170,10,9,1997,1998,1150,1303,1299,283,2,314,2,0,5,10,1,12653,Crawfor,SLvl,FV,TA,BuiltIn,N,PConc,609462
11171,8,8,1976,1979,2333,1201,1461,432,2,403,3,0,3,11,2,7408,CollgCr,2Story,RL,Gd,Detchd,Y,PConc,589191
11172,8,8,1968,1995,1342,1015,1035,799,3,42,3,1,2,7,0,8135,Somerst,2Story,RL,TA,None,Y,PConc,482072
11173,6,8,1985,2017,1849,546,1052,119,2,438,1,1,4,5,0,10001,Edwards,1Story,RL,Gd,Attchd,N,PConc,414489
11174,4,4,1975,1996,500,964,1246,991,1,389,1,1,2,8,0,9414,OldTown,1.5Fin,RL,Gd,Attchd,Y,PConc,344293
11175,3,9,1978,1985,2074,1091,1221,48,0,622,3,1,2,7,1,11359,Somerst,1Story,RM,TA,Attchd,Y,CBlock,423091
11176,5,7,1974,1981,2161,1142,1304,346,1,556,3,0,4,4,2,9803,NAmes,2Story,RL,TA,Attchd,Y,CBlock,465440
11177,5,9,1971,1987,1513,1238,1296,165,3,353,2,1,2,9,0,10497,Edwards,1Story,RL,Fa,BuiltIn,Y,PConc,419238
11178,4,9,2000,2006,1751,1419,756,1106,3,397,1,1,3,3,2,7342,Edwards,1.5Fin,RL,Ex,Attchd,Y,CBlock,456743
11179,5,7,1982,1993,1751,773,1447,299,1,438,2,1,4,6,2,5255,Gilbert,2Story,RL,TA,Detchd,Y,PConc,438444
11180,3,5,1983,1984,1211,777,1508,300,0,747,2,0,2,9,1,4471,Sawyer,1Story,RL,TA,Attchd,Y,CBlock,288576
11181,7,3,1996,2003,1746,1630,1165,339,0,332,2,1,1,11,2,4008,BrkSide,1Story,RL,Gd,Detchd,Y,CBlock,498133
11182,10,3,1975,2005,1136,1358,577,479,0,350,1,0,5,8,2,18789,OldTown,1Story,RL,TA,Attchd,Y,CBlock,514227
11183,8,5,1957,1977,1226,894,1060,351,2,277,1,0,2,11,2,3140,NAmes,1Story,RL,Gd,Detchd,Y,PConc,447116
11184,6,8,2010,2015,2007,1007,1168,410,2,213,3,0,2,10,1,14545,Edwards,1Story,RL,TA,Attchd,Y,PConc,457869
11185,6,6,1953,1988,1939,1009,699,0,2,535,1,1,3,5,0,5875,Crawfor,1Story,RL,TA,Attchd,Y,PConc,458362
11186,5,6,1990,1992,1182,1063,974,467,0,517,3,0,1,10,2,14497,CollgCr,1Story,RM,Gd,Attchd,Y,CBlock,459358
11187,4,4,1968,2003,1170,1239,607,455,1,711,2,0,1,6,1,3155,CollgCr,1Story,RL,TA,Detchd,Y,BrkTil,341641
11188,7,6,1965,1970,1209,2064,1313,762,0,667,2,1,3,8,0,7647,Crawfor,2Story,RL,Gd,Detchd,Y,CBlock,424728
11189,7,7,1952,2003,1830,1126,1158,843,1,911,3,0,5,4,2,16352,Crawfor,1Story,RL,TA,None,Y,CBlock,508560
11190,3,9,2013,2016,1050,1315,524,394,2,467,1,0,3,7,1,11717,NAmes,1Story,RL,TA,Basment,Y,PConc,338241
11191,6,8,1980,1984,1661,375,1223,695,1,433,3,1,3,9,2,7303,Gilbert,1.5Fin,RL,TA,Attchd,Y,CBlock,485558
11192,5,7,1974,1991,1836,856,1080,120,2,246,1,1,4,11,2,3546,Edwards,1Story,RL,Gd,Attchd,Y,CBlock,446674
11193,4,9,2002,2012,1460,1542,1281,680,1,605,2,0,5,11,0,4688,Somerst,2Story,RL,Gd,Attchd,Y,PConc,418015
11194,8,5,1952,1966,1955,1211,963,278,2,501,2,0,5,10,2,15882,Somerst,SLvl,RL,TA,Attchd,Y,CBlock,568307
11195,7,9,1990,1992,1363,0,819,95,1,597,2,0,1,8,2,7267,Crawfor,2Story,RL,TA,Attchd,Y,PConc,429994
11196,8,5,1985,1989,1404,1320,830,394,1,275,1,1,3,10,2,8230,CollgCr,2Story,RL,TA,Basment,Y,PConc,476313
11197,8,3,1989,1994,1060,1817,912,870,0,543,3,0,3,3,0,9657,Gilbert,2Story,RL,Gd,CarPort,Y,PConc,489944
11198,10,5,1958,2004,1958,252,1107,504,2,517,1,0,2,11,2,4729,NAmes,1.5Fin,RL,TA,Attchd,Y,CBlock,571363
11199,9,3,2017,2021,1155,1658,1152,899,3,505,2,0,5,4,2,10210,NridgHt,1.5Fin,RM,TA,Detchd,Y,CBlock,615439
11200,7,3,1966,1976,1657,0,1033,225,2,357,2,0,2,6,2,7037,NridgHt,1Story,RM,TA,BuiltIn,Y,PConc,498630
11201,10,9,1998,2003,1468,1425,952,764,2,694,2,1,5,11,1,9701,Gilbert,2Story,RL,Gd,Attchd,Y,BrkTil,562843
11202,6,8,2003,2008,1026,1047,977,254,3,849,2,0,1,9,2,6553,Crawfor,1.5Fin,RL,TA,Basment,N,CBlock,419281
11203,10,4,1974,1976,1226,110,1978,518,0,280,3,1,4,10,1,4188,Gilbert,1.5Fin,RL,Gd,None,Y,CBlock,497048
11204,9,8,1959,1980,2122,1228,830,515,3,610,3,0,4,9,0,7013,Sawyer,1Story,RL,TA,None,Y,Slab,502815
11205,8,3,1971,1976,1591,1510,905,648,0,0,1,0,3,8,2,11341,CollgCr,1Story,RL,TA,Detchd,Y,BrkTil,507815
11206,10,4,2007,2012,1046,1196,2253,525,2,600,2,0,1,4,1,10149,Crawfor,2Story,RM,TA,Attchd,Y,PConc,556946
11207,7,7,2014,2017,1637,1284,1247,228,3,143,2,0,1,11,0,8619,Edwards,1Story,RL,Gd,Attchd,Y,Slab,496929
11208,8,5,2016,2018,1434,885,617,714,3,386,2,0,4,8,1,12733,Edwards,2Story,RL,TA,None,Y,PConc,488720
11209,5,8,1966,1988,3054,305,1395,969,1,244,3,1,5,9,0,7756,Somerst,1Story,RM,TA,Attchd,Y,PConc,482820
11210,10,9,1993,2003,1628,1327,781,275,3,441,2,1,3,6,1,8718,Edwards,1Story,RL,Gd,Attchd,Y,PConc,615317
11211,7,3,1960,1969,1329,1750,1418,0,2,631,2,1,1,11,1,6849,NridgHt,1Story,RL,Ex,Attchd,Y,CBlock,535889
11212,9,3,2000,2016,2139,1502,1026,600,0,146,1,0,4,7,2,13073,OldTown,1.5Fin,RL,Gd,Detchd,Y,Stone,536358
11213,6,9,1979,1985,672,255,946,351,0,415,2,0,3,4,2,9692,CollgCr,1.5Fin,RL,TA,Attchd,Y,PConc,330300
11214,9,6,2000,2002,1542,444,1663,411,3,388,2,1,1,4,1,6616,Crawfor,1.5Fin,RL,Gd,BuiltIn,Y,CBlock,593366
11215,3,6,1998,2017,2397,712,1298,617,3,765,2,1,2,9,2,4349,Crawfor,SLvl,RL,Gd,Detchd,Y,PConc,458164
11216,3,6,2020,2020,1448,413,1441,313,3,558,3,1,2,9,0,13975,Somerst,SLvl,RL,TA,Attchd,Y,CBlock,444400
11217,7,6,1984,1984,720,1068,1252,369,1,268,1,1,5,4,2,6081,Crawfor,2Story,RL,TA,Attchd,Y,PConc,449410
11218,8,7,1974,2003,1322,1207,944,420,1,395,1,1,5,9,0,8780,Edwards,1Story,FV,TA,Detchd,Y,CBlock,473042
11219,9,7,1987,1993,2155,478,1314,891,3,760,2,1,1,11,2,24502,Edwards,1.5Fin,RL,TA,BuiltIn,Y,CBlock,583471
11220,6,4,1961,1982,1669,1361,1523,459,0,609,1,1,3,7,2,12192,BrkSide,2Story,RL,TA,Basment,Y,PConc,393563
11221,8,7,1957,2019,1123,1290,1147,79,3,315,3,1,1,11,0,17551,NridgHt,1Story,RL,TA,BuiltIn,Y,Slab,588486
11222,7,7,1986,1989,1192,831,1731,91,2,432,3,0,3,4,0,6672,Gilbert,SFoyer,RL,TA,Attchd,Y,Slab,455136
11223,10,3,2008,2008,1248,981,1398,492,2,438,2,0,1,6,2,13763,Edwards,1Story,RM,Gd,BuiltIn,Y,CBlock,562077
11224,8,5,1987,1989,1663,270,1174,111,1,383,2,1,4,8,2,8603,Edwards,SLvl,RM,TA,Detchd,Y,CBlock,476896
11225,6,8,2005,2010,2102,917,1188,0,3,172,1,1,1,6,2,10022,NAmes,2Story,RM,TA,Detchd,Y,CBlock,495168
11226,10,7,1962,1972,1974,1053,1148,641,2,358,2,1,5,3,0,21104,Crawfor,1Story,FV,TA,Detchd,Y,PConc,613694
11227,3,3,1981,1987,1705,1117,662,655,0,730,3,1,2,7,1,7498,CollgCr,1.5Fin,RL,Gd,Attchd,Y,PConc,375665
11228,10,3,1993,2000,901,1202,1068,340,2,411,3,1,2,6,1,8574,Somerst,2Story,RL,Gd,Detchd,N,CBlock,588184
11229,4,7,1974,1979,902,1148,1177,538,3,461,3,0,5,4,2,5661,NAmes,2Story,RL,Gd,Detchd,Y,CBlock,386724
11230,5,6,1951,1979,1740,944,954,506,0,505,2,0,5,6,2,12678,NridgHt,2Story,RH,Gd,Attchd,Y,CBlock,499630
11231,9,9,1955,2009,895,1164,1218,631,2,879,2,0,1,6,2,6605,Edwards,1Story,RL,Ex,Detchd,Y,CBlock,529606
11232,8,6,2015,2021,1398,1451,1107,631,0,482,1,1,1,10,1,13468,Gilbert,1Story,RL,Gd,Attchd,Y,CBlock,543093
11233,10,9,1992,2009,1637,1012,1371,0,2,677,3,1,5,7,0,4046,Somerst,1Story,RM,Ex,Detchd,Y,PConc,632283
11234,8,4,1968,1979,988,1177,1332,378,3,372,3,0,5,6,2,10880,NAmes,1Story,RL,TA,BuiltIn,Y,PConc,539105
11235,8,6,1968,1996,1039,976,1159,605,1,433,2,0,3,6,0,6362,NAmes,1Story,FV,TA,Attchd,Y,PConc,480358
11236,5,3,1952,1989,1458,791,621,327,0,482,3,0,1,8,0,11808,CollgCr,2Story,RL,TA,Attchd,Y,PConc,414175
11237,3,7,2017,2021,1727,1259,1727,461,0,341,1,1,1,5,0,8448,Sawyer,1Story,RM,Gd,Detchd,Y,CBlock,355343
11238,3,4,1957,2016,1978,828,1050,675,2,443,1,0,2,10,1,6680,Gilbert,2Story,RL,Gd,Attchd,Y,CBlock,417575
11239,5,6,2003,2006,1773,1204,1072,474,3,640,2,1,4,6,0,7143,OldTown,1Story,RL,Gd,Attchd,Y,PConc,452499
11240,3,5,1967,1969,1533,1061,980,902,1,336,1,0,1,6,1,5797,Somerst,1Story,RL,TA,Detchd,Y,CBlock,367747
11241,7,4,1973,2003,1164,928,929,788,3,480,1,0,4,3,0,12392,CollgCr,SLvl,RL,Gd,Attchd,Y,PConc,465519
11242,9,3,1969,1994,1018,919,1640,414,1,608,3,1,5,10,2,5303,BrkSide,SFoyer,RL,TA,Detchd,Y,CBlock,485920
11243,10,6,2008,2013,1270,847,1585,391,0,332,2,1,1,7,1,7537,Crawfor,1.5Fin,C (all),Gd,Attchd,Y,Slab,530636
11244,6,9,1952,1982,1684,392,1256,0,2,677,2,1,5,4,0,9929,Gilbert,1Story,FV,Gd,Attchd,Y,PConc,456293
11245,10,4,1975,1975,1651,1203,1062,352,3,493,3,0,5,4,2,17569,NAmes,2Story,RH,Ex,Attchd,Y,CBlock,650000
11246,10,5,1969,1976,555,1143,1317,44,1,450,2,0,2,6,1,8465,Edwards,1Story,RL,TA,None,Y,PConc,419406
11247,9,4,1969,1980,1146,1390,1126,516,3,119,2,0,1,10,0,7621,Crawfor,2Story,RL,Gd,Detchd,Y,PConc,575238
11248,6,8,1963,1967,2042,837,1033,496,2,413,2,1,2,3,1,9614,CollgCr,1.5Fin,FV,TA,Attchd,Y,CBlock,446511
11249,5,5,2014,2016,1536,1808,1218,659,1,547,2,0,2,4,2,3343,Sawyer,1Story,RL,Gd,Attchd,Y,CBlock,432258
11250,10,9,1976,1983,862,898,946,869,2,794,3,1,2,8,2,4956,Crawfor,SLvl,RL,Gd,Detchd,Y,CBlock,520548
11251,4,4,1979,2012,2560,700,1188,442,1,582,2,0,5,7,1,7179,Gilbert,2Story,RL,Ex,Detchd,Y,CBlock,472373
11252,6,3,1977,1982,1487,653,1171,1134,0,683,2,1,1,11,2,6167,NridgHt,1Story,RM,Fa,Attchd,N,CBlock,450486
11253,3,7,2019,2021,1673,356,1311,520,3,262,2,0,2,9,0,4136,Somerst,1Story,RL,TA,Attchd,Y,CBlock,407894
11254,9,7,1974,1977,1680,1663,883,57,1,457,1,1,4,8,2,12504,Crawfor,1.5Fin,RL,TA,Detchd,Y,PConc,586797
11255,8,9,1974,1977,1335,1598,1349,281,2,700,1,1,1,6,2,9554,Edwards,1Story,RL,TA,Detchd,Y,PConc,464516
11256,3,9,1973,1978,1173,1290,783,338,2,320,1,0,1,8,1,9054,BrkSide,1Story,RL,TA,BuiltIn,N,CBlock,327464
11257,4,9,1973,1980,2455,692,900,628,0,654,1,1,2,8,1,6220,Edwards,1Story,RL,Gd,Detchd,Y,CBlock,367867
11258,7,7,1956,1987,1951,1775,915,166,2,612,2,0,5,5,1,8809,Gilbert,SFoyer,RL,TA,Detchd,Y,PConc,533073
11259,7,5,1992,1995,1870,909,725,361,1,529,3,1,5,6,0,10714,BrkSide,1Story,RL,TA,Detchd,N,PConc,492976
11260,9,6,1951,1956,1759,942,1455,402,2,421,3,1,5,11,2,7545,Somerst,SFoyer,RL,Ex,Detchd,Y,PConc,562424
11261,5,3,1966,1972,1049,1625,761,316,1,302,3,0,5,7,2,10383,OldTown,2Story,RL,Gd,Detchd,Y,PConc,441911
11262,10,6,1964,1966,2075,1314,855,693,3,800,2,0,1,7,2,5941,NAmes,1Story,RL,TA,Attchd,Y,CBlock,596515
11263,6,5,1970,1970,1121,1930,1539,642,0,594,1,0,3,10,0,8881,Gilbert,1Story,FV,Gd,CarPort,Y,CBlock,364963
11264,9,3,2003,2004,1627,1149,900,800,0,541,2,1,3,5,2,14213,NridgHt,2Story,RL,Gd,Attchd,Y,CBlock,596390
11265,4,4,1992,1999,762,891,1034,351,1,406,3,0,1,4,1,14798,CollgCr,1Story,RL,Gd,Detchd,Y,Stone,374067
11266,3,6,2020,2021,582,805,746,811,0,487,3,1,5,11,2,15448,BrkSide,1Story,RL,Gd,Detchd,Y,CBlock,314903
11267,3,5,1974,1974,1643,311,1392,41,0,510,3,1,4,10,2,9666,Crawfor,1Story,C (all),TA,BuiltIn,N,PConc,306638
11268,5,9,2015,2021,1136,939,1396,33,2,552,2,1,5,6,2,8622,BrkSide,1.5Fin,RM,TA,Attchd,Y,CBlock,426995
11269,10,6,1953,1983,605,1508,1359,86,3,612,2,1,2,11,2,6946,NridgHt,2Story,RL,TA,Basment,Y,CBlock,555417
11270,3,9,1985,1989,1743,1290,1288,453,2,339,2,0,4,6,0,3769,Crawfor,2Story,RL,TA,Attchd,Y,CBlock,390712
11271,5,7,2006,2009,2454,1058,1126,811,1,216,1,1,1,9,0,4641,BrkSide,1Story,RL,Gd,Attchd,Y,CBlock,423785
11272,3,3,1987,1994,2125,652,916,269,3,495,1,1,1,3,0,7881,NAmes,1Story,RM,TA,Basment,Y,CBlock,418210
11273,10,4,2016,2021,1384,1141,815,307,1,166,1,0,4,9,1,8096,Crawfor,2Story,C (all),TA,Attchd,Y,PConc,579583
11274,8,7,1972,1975,1504,1455,1551,385,0,422,3,1,1,4,2,16048,Somerst,1Story,RL,Gd,Detchd,Y,PConc,551390
11275,9,6,1952,1984,1899,1222,1368,622,3,388,1,0,2,5,2,15359,Crawfor,SFoyer,RM,TA,Attchd,Y,PConc,602372
11276,8,5,2004,2016,2005,1117,857,307,2,569,3,0,4,10,1,6241,Gilbert,1.5Fin,RL,TA,CarPort,Y,PConc,514540
11277,8,6,1954,1978,1345,731,1114,290,1,837,2,1,3,4,2,12284,NridgHt,1Story,RL,TA,BuiltIn,Y,BrkTil,522065
11278,9,9,2004,2009,1515,1397,995,46,2,130,3,0,2,7,0,6858,OldTown,1.5Fin,RL,Gd,Attchd,Y,PConc,586922
11279,3,5,2002,2007,1635,0,705,278,2,889,1,1,2,11,1,11556,NAmes,2Story,RL,Gd,BuiltIn,Y,PConc,377401
11280,9,3,2009,2014,1749,1203,1162,803,0,438,1,0,4,11,1,12216,CollgCr,2Story,RL,TA,Attchd,Y,CBlock,551842
11281,8,5,1984,1986,1440,2078,955,477,0,543,1,1,5,6,0,14865,Sawyer,1Story,RL,TA,Detchd,Y,CBlock,474394
11282,8,9,2013,2020,1446,447,767,228,2,225,2,0,4,3,1,6810,BrkSide,SLvl,RL,TA,Detchd,Y,CBlock,507823
11283,6,8,1962,2012,2121,953,582,821,0,659,2,1,2,5,2,13417,NAmes,1Story,RL,TA,Detchd,Y,PConc,466816
11284,9,8,1980,2019,2044,1047,553,274,2,487,1,1,3,8,2,3659,CollgCr,1.5Fin,RM,Ex,Detchd,Y,PConc,582676
11285,6,9,1958,1990,1715,865,970,876,1,469,3,1,1,6,2,15231,Sawyer,1Story,RL,TA,BuiltIn,N,CBlock,508923
11286,3,3,2004,2006,2274,1465,1070,871,0,131,3,1,1,9,2,8405,OldTown,1Story,RM,TA,Detchd,Y,CBlock,349540
11287,10,4,2000,2006,1326,1239,794,467,2,493,1,1,2,11,1,8486,NAmes,SFoyer,RL,Fa,CarPort,Y,PConc,522870
11288,4,3,2007,2013,2230,1111,1328,0,1,632,1,0,2,8,0,3398,NAmes,2Story,RL,TA,Attchd,Y,BrkTil,380689
11289,3,3,2004,2007,1744,1369,1077,1137,1,437,3,1,5,8,2,7136,NridgHt,1Story,FV,Gd,Attchd,Y,CBlock,456356
11290,7,8,1971,2020,2972,1057,1302,566,0,691,2,1,5,7,1,15643,NridgHt,1.5Fin,RM,TA,BuiltIn,N,CBlock,584389
11291,4,9,1954,2002,963,2322,1036,353,2,684,3,0,1,4,1,7015,BrkSide,1Story,RM,TA,Attchd,Y,PConc,386136
11292,9,4,2015,2015,1190,1111,825,737,3,365,3,0,2,8,0,11718,OldTown,1.5Fin,RL,Gd,Attchd,Y,BrkTil,558929
11293,6,8,1984,1988,1688,1128,1140,661,2,767,3,1,1,11,2,8633,NAmes,SLvl,RL,TA,BuiltIn,N,CBlock,431224
11294,3,6,1956,2019,1679,366,658,843,0,488,1,0,1,9,2,13712,Gilbert,1Story,RL,Gd,Detchd,Y,PConc,387618
11295,10,3,2015,2019,2378,833,1289,251,3,489,2,1,2,9,2,9265,Crawfor,2Story,RL,Gd,Attchd,Y,PConc,650000
11296,7,9,2020,2021,1199,1509,772,546,0,498,2,0,5,10,0,5589,OldTown,SFoyer,RM,TA,Attchd,Y,PConc,454883
11297,5,9,1981,2011,1907,516,1421,94,1,492,3,1,1,6,2,8719,BrkSide,SLvl,RL,Gd,Attchd,Y,PConc,454357
11298,8,6,2004,2008,2023,187,982,650,0,7,1,1,4,6,1,17472,Gilbert,2Story,RL,TA,Attchd,Y,PConc,527021
11299,7,7,1952,1989,1817,1063,1472,443,3,447,1,1,2,11,0,10633,BrkSide,2Story,RL,TA,Attchd,Y,PConc,516967
11300,3,5,1956,1979,1068,1598,707,534,0,234,2,1,3,7,1,8066,Edwards,2Story,FV,TA,BuiltIn,Y,CBlock,267154
11301,9,8,1969,1970,2133,1067,863,406,2,773,3,1,5,9,1,23457,NAmes,1Story,RL,TA,Attchd,Y,CBlock,618990
11302,6,6,1996,1996,2053,916,1233,375,0,765,3,1,5,8,1,14321,NAmes,2Story,RL,TA,BuiltIn,Y,CBlock,472505
11303,8,9,1959,1981,1770,307,1510,190,0,633,2,0,5,4,0,12275,Gilbert,1Story,RL,Gd,None,Y,CBlock,481053
11304,10,3,1952,2016,1592,1231,1683,687,2,437,2,1,3,5,1,9805,BrkSide,1Story,FV,Fa,Attchd,Y,PConc,547022
11305,7,4,1997,2000,1602,1315,1114,897,3,299,1,1,1,5,2,11807,Edwards,1Story,RM,Gd,None,Y,PConc,503222
11306,8,9,2004,2010,1465,337,1743,283,0,362,3,0,5,4,2,11981,NAmes,1.5Fin,RL,TA,Attchd,Y,CBlock,459154
11307,5,5,2002,2003,1788,1504,999,616,0,830,1,0,5,10,2,3183,NAmes,1Story,RM,TA,Detchd,Y,CBlock,377655
11308,4,5,2006,2020,1514,1356,1485,580,1,355,1,1,5,11,1,10153,NridgHt,1Story,RL,Gd,None,Y,PConc,446486
11309,6,8,2007,2012,1118,1503,770,452,3,56,2,1,3,11,2,7907,BrkSide,1Story,RL,TA,BuiltIn,Y,BrkTil,494360
11310,9,4,1992,1997,1028,1283,1247,0,0,665,2,0,2,4,0,6788,Edwards,1Story,RM,TA,Attchd,N,CBlock,459011
11311,7,6,1986,1997,1162,1311,400,60,0,750,2,0,1,7,2,7784,NridgHt,SFoyer,RL,Gd,Attchd,Y,CBlock,521120
11312,5,5,2010,2014,1600,1258,707,216,1,779,3,0,2,5,1,4220,Somerst,1Story,RL,Gd,Attchd,Y,CBlock,498392
11313,9,4,1974,1979,1488,1397,1263,0,1,667,1,1,2,3,1,3773,BrkSide,1Story,RL,Gd,None,Y,PConc,479868
11314,9,9,1956,2018,1597,322,641,872,0,696,3,1,2,8,1,14895,BrkSide,SFoyer,C (all),Fa,Attchd,Y,Slab,496250
11315,10,4,2003,2006,1725,450,1249,560,2,490,1,0,5,10,2,10465,CollgCr,1Story,RL,TA,Detchd,Y,BrkTil,557739
11316,5,3,1969,1971,1218,756,1417,441,2,106,1,0,4,3,0,2870,Sawyer,2Story,RL,Gd,Attchd,Y,CBlock,356938
11317,8,7,2019,2021,2160,998,925,0,0,485,1,0,2,8,1,6558,BrkSide,1.5Fin,RL,TA,Attchd,Y,BrkTil,494442
11318,7,9,1979,2015,1380,1205,761,0,2,592,3,0,4,3,2,12633,Crawfor,2Story,RL,TA,Attchd,Y,BrkTil,502532
11319,6,3,2010,2016,1305,1180,934,449,0,456,3,1,4,10,1,7494,NridgHt,1Story,RL,TA,Attchd,Y,CBlock,491023
11320,6,7,1953,1990,1717,1497,762,1041,2,447,3,0,3,3,0,14884,CollgCr,2Story,RL,TA,Detchd,Y,PConc,483006
11321,3,6,1996,1997,674,1509,1065,240,1,306,1,1,5,6,1,13632,Somerst,2Story,RM,Ex,Attchd,Y,CBlock,373813
11322,5,8,1981,2000,1144,701,1136,709,0,300,3,0,5,4,2,4616,Sawyer,2Story,RL,Gd,Attchd,Y,CBlock,385564
11323,7,3,1982,2011,1941,1145,993,306,0,811,1,0,3,6,2,7969,CollgCr,1Story,C (all),TA,Detchd,Y,CBlock,492657
11324,10,9,1968,1971,718,711,1686,467,3,817,2,1,3,6,0,6948,Crawfor,1.5Fin,RM,TA,Attchd,Y,CBlock,491561
11325,9,7,2018,2019,2003,975,848,814,2,480,3,1,2,7,1,4549,CollgCr,2Story,RL,TA,Detchd,Y,CBlock,593247
11326,4,8,1977,1987,2180,1179,1587,346,2,531,1,0,4,10,2,4418,BrkSide,2Story,RL,Ex,Detchd,Y,Stone,421425
11327,8,5,2010,2014,1334,0,736,243,0,303,1,1,5,11,0,5914,Edwards,SLvl,RL,TA,Detchd,Y,CBlock,411812
11328,3,9,1980,1997,1631,2014,1125,875,0,596,1,1,4,6,0,6370,NAmes,1.5Fin,RL,Gd,Attchd,Y,PConc,366728
11329,8,7,1953,1958,2004,1277,1514,464,0,797,3,0,2,11,0,9655,Somerst,2Story,RL,TA,Attchd,Y,CBlock,545230
11330,5,3,2012,2015,1290,812,1496,777,1,205,2,1,3,6,1,13599,NridgHt,1Story,RL,Gd,BuiltIn,Y,PConc,513809
11331,6,9,1963,1973,1890,1821,953,244,1,563,1,1,4,4,1,10710,BrkSide,1Story,RL,TA,BuiltIn,Y,PConc,447835
11332,8,8,1969,1972,1198,911,1294,872,3,577,2,1,1,8,0,11914,Somerst,2Story,RL,Fa,Attchd,Y,CBlock,507017
11333,6,5,2011,2015,1285,1103,1247,532,3,575,3,0,3,9,0,7539,NAmes,1Story,RL,Gd,Attchd,Y,Slab,504797
11334,9,6,2013,2016,1140,855,911,580,1,776,1,0,4,5,1,11150,Crawfor,2Story,RL,TA,Attchd,Y,PConc,507962
11335,7,5,2015,2016,1654,1711,1316,489,1,846,2,1,3,8,2,7951,Somerst,2Story,RM,TA,Detchd,Y,PConc,527925
11336,10,6,1980,2010,2021,1008,1752,298,1,438,1,1,4,6,0,6969,CollgCr,2Story,RL,Gd,Attchd,Y,CBlock,614851
11337,8,9,2003,2012,1417,1110,1265,449,2,601,1,1,5,4,1,19961,BrkSide,1Story,RL,Gd,None,Y,CBlock,482399
11338,5,9,1973,1975,928,1532,1298,317,2,495,2,0,1,6,2,2978,NAmes,1.5Fin,RL,TA,Attchd,Y,PConc,376481
11339,9,4,2002,2005,1013,1284,1335,738,2,366,2,1,3,6,1,3659,NAmes,2Story,RL,Gd,None,Y,PConc,485973
11340,6,9,1985,2000,1678,1028,589,389,0,529,2,0,4,6,1,10097,Somerst,2Story,RL,Ex,Attchd,Y,CBlock,515041
11341,7,6,1953,2005,2330,1494,1261,1,1,601,1,0,5,11,0,7545,NridgHt,2Story,RL,TA,Attchd,Y,Stone,542392
11342,4,7,1979,2020,1677,2065,744,0,3,519,2,1,3,6,2,4452,Somerst,1Story,RL,TA,Attchd,Y,PConc,493335
11343,3,8,1983,1989,1326,1177,894,0,1,321,2,1,5,8,2,5288,Crawfor,2Story,RL,TA,Attchd,Y,CBlock,345943
11344,7,6,1968,1970,1845,1097,1857,635,0,397,2,0,2,3,2,5607,CollgCr,1Story,RL,TA,None,Y,CBlock,466915
11345,4,6,1976,2012,1392,1118,1011,105,0,398,2,0,3,5,2,12700,Crawfor,2Story,RM,TA,Attchd,Y,PConc,381193
11346,10,6,1985,1992,1330,1574,841,540,0,328,1,1,5,10,1,14668,NAmes,1Story,RL,TA,Attchd,Y,CBlock,515993
11347,9,9,1953,1958,1069,810,1503,491,3,536,1,1,3,11,1,17776,NAmes,1Story,RL,Ex,None,Y,PConc,482774
11348,8,5,1960,1997,2134,939,768,431,0,555,3,0,2,11,2,4158,CollgCr,1Story,RL,Gd,Attchd,Y,PConc,568217
11349,8,4,2004,2010,500,435,943,582,2,656,2,1,3,3,0,4595,NAmes,1Story,RM,TA,Attchd,Y,PConc,459472
11350,7,5,1974,1974,1859,576,1537,497,1,326,2,1,4,10,0,4455,Edwards,1.5Fin,RL,Fa,Attchd,Y,PConc,447872
11351,3,4,1993,1997,1291,843,1115,0,0,376,3,1,5,5,0,15181,BrkSide,1.5Fin,RL,Gd,Attchd,Y,CBlock,320455
11352,6,5,1990,1991,1315,1028,553,353,3,760,1,1,4,3,1,10256,Gilbert,1Story,RL,Fa,CarPort,Y,CBlock,423053
11353,6,3,1989,1993,2262,1758,1290,578,2,450,3,0,1,3,0,8812,Sawyer,1Story,FV,TA,Attchd,Y,CBlock,554946
11354,10,3,1979,1998,1179,1264,961,942,3,485,2,1,1,9,1,9425,NAmes,2Story,RL,TA,Detchd,Y,CBlock,545271
11355,4,8,1984,1989,1194,685,1639,956,3,448,3,1,5,8,1,8286,BrkSide,1Story,RL,Gd,Attchd,Y,PConc,395596
11356,6,3,2008,2012,1441,759,888,41,3,684,2,0,3,8,2,5132,Edwards,1Story,RL,Gd,Attchd,Y,Slab,457490
11357,5,6,2018,2021,1686,1600,1468,345,2,691,2,0,2,10,1,10708,Sawyer,1Story,RL,TA,Detchd,Y,BrkTil,455805
11358,4,8,1968,1975,1301,1501,1721,0,2,680,2,0,2,3,0,7817,Sawyer,2Story,RL,Ex,Detchd,Y,PConc,403955
11359,3,8,1997,2001,792,1061,802,906,2,485,1,1,1,3,2,4953,CollgCr,SFoyer,RL,Gd,Detchd,Y,CBlock,329836
11360,5,6,2018,2018,1110,873,1032,754,1,323,2,1,1,11,1,11007,Somerst,1Story,RL,Gd,Attchd,Y,CBlock,432012
11361,3,4,1950,1986,2077,1500,1236,555,0,827,3,0,4,8,0,7018,Crawfor,SLvl,RL,Fa,Attchd,Y,CBlock,360469
11362,3,9,2005,2006,1534,653,800,500,1,634,2,1,4,9,1,9416,CollgCr,1.5Fin,RL,Gd,Detchd,Y,PConc,372349
11363,5,8,1985,1990,1703,1207,1195,864,1,398,1,0,3,7,0,8035,Sawyer,SFoyer,RM,TA,Detchd,Y,PConc,364035
11364,4,7,2018,2021,1382,1959,1021,813,0,736,3,0,1,4,1,12695,Crawfor,2Story,RL,Gd,Attchd,Y,Stone,482870
11365,7,3,1991,2014,1203,1132,1014,797,3,384,1,0,4,7,2,9385,OldTown,1.5Fin,RM,Gd,Attchd,Y,CBlock,475410
11366,3,3,2009,2012,2255,740,1117,587,3,734,1,0,5,11,0,5711,Edwards,2Story,RM,Gd,BuiltIn,Y,CBlock,406327
11367,5,5,1961,2000,1415,1214,1125,345,1,746,1,1,5,4,2,9825,Edwards,1.5Fin,RL,TA,Attchd,Y,BrkTil,388134
11368,6,4,1960,2012,1300,862,1157,680,1,314,1,1,2,4,1,9971,Gilbert,1Story,RL,TA,Detchd,Y,PConc,421481
11369,10,9,2015,2018,1993,492,890,695,3,585,1,0,4,6,2,10699,Edwards,2Story,RL,Gd,Detchd,Y,Slab,595834
11370,8,4,1987,1997,1175,1330,906,393,1,621,1,1,2,7,2,13548,Somerst,2Story,RL,TA,Attchd,Y,CBlock,514519
11371,10,4,1989,2005,1232,1497,1058,345,2,951,3,0,5,8,2,6442,CollgCr,1Story,RL,Ex,Detchd,N,CBlock,635799
11372,5,9,1962,1983,1505,926,1084,790,2,346,2,1,5,4,0,11480,Crawfor,1Story,RL,TA,Detchd,Y,PConc,430921
11373,6,8,1966,2002,1500,899,946,949,1,738,1,1,2,11,2,3911,BrkSide,1Story,RL,Ex,Detchd,Y,PConc,437468
11374,6,4,2008,2013,1617,665,1213,225,3,483,2,1,3,4,1,8053,NridgHt,1Story,RL,TA,Basment,Y,PConc,503639
11375,10,5,1971,2000,2441,990,465,371,0,257,3,1,2,4,2,7512,Crawfor,1Story,RL,Fa,Detchd,Y,PConc,608649
11376,10,6,1991,1995,1651,825,844,555,0,458,3,0,4,11,2,16307,Sawyer,1Story,RM,TA,Attchd,Y,PConc,569639
11377,10,7,1972,2014,500,646,1002,596,2,480,1,0,2,6,1,7923,Crawfor,1Story,RL,Ex,Attchd,Y,PConc,508969
11378,9,9,1968,1972,1647,1807,800,293,2,289,1,0,4,8,2,11175,CollgCr,2Story,RL,TA,Detchd,Y,CBlock,579727
11379,7,9,1961,1996,1517,1237,1670,1015,3,536,3,0,5,6,1,3847,CollgCr,1Story,RL,TA,Attchd,Y,BrkTil,493348
11380,7,9,2016,2017,1520,1279,1107,577,2,652,2,1,5,5,0,7256,BrkSide,1Story,RL,TA,BuiltIn,Y,PConc,524754
11381,10,3,2016,2018,1611,1403,1162,609,0,523,3,1,1,7,2,5808,Edwards,1Story,C (all),Gd,Attchd,Y,PConc,529106
11382,5,4,1958,2020,1487,1358,931,978,3,382,1,1,1,9,1,25895,OldTown,1Story,RL,TA,Attchd,Y,CBlock,441493
11383,5,6,1975,2009,1476,885,1094,315,1,453,1,0,5,3,0,6297,Gilbert,1Story,RM,Gd,Attchd,Y,CBlock,442300
11384,10,3,1990,1991,1776,1159,675,423,0,479,2,0,1,10,0,8785,NridgHt,SFoyer,RH,TA,Basment,Y,CBlock,572756
11385,6,5,1977,1983,1256,942,1041,74,2,519,1,1,3,4,2,8998,OldTown,1Story,RL,Ex,Detchd,Y,Slab,432289
11386,4,4,2001,2007,1074,1225,772,398,0,680,3,1,5,11,2,4157,Edwards,1Story,RL,TA,Detchd,Y,PConc,335020
11387,7,9,1968,2020,2861,1187,1003,3,1,529,3,0,3,11,2,6708,Edwards,2Story,RL,Gd,Attchd,Y,CBlock,570263
11388,5,3,1954,1961,1178,897,400,674,1,228,1,0,1,11,1,10198,NAmes,1.5Fin,RL,Gd,CarPort,Y,BrkTil,334831
11389,10,4,1973,1997,1545,518,705,576,0,379,2,0,5,8,0,8834,CollgCr,1Story,RH,Ex,Basment,Y,CBlock,552532
11390,10,4,1992,1996,827,1108,1612,367,3,510,2,0,4,11,1,3019,Somerst,1Story,RL,TA,Attchd,Y,CBlock,609527
11391,5,4,1962,2002,1552,968,1391,420,2,682,2,1,2,10,0,6586,Gilbert,2Story,RM,TA,Detchd,Y,Slab,432504
11392,7,6,2007,2013,1080,294,1562,678,3,714,2,1,4,8,0,13456,Edwards,2Story,RL,TA,CarPort,Y,PConc,455095
11393,10,5,1950,1958,1301,1253,1586,109,1,799,2,0,4,11,0,11076,Edwards,1Story,RL,TA,Attchd,Y,PConc,529465
11394,8,9,1954,1973,1970,1436,1336,511,2,504,3,0,3,6,1,14705,NridgHt,SFoyer,RL,TA,Attchd,Y,PConc,584224
11395,4,4,1986,1989,1712,2061,941,660,3,617,1,1,5,10,0,5455,CollgCr,SFoyer,RL,Gd,Detchd,Y,CBlock,441474
11396,7,6,1986,2006,1756,894,737,0,0,218,1,0,4,11,0,15127,Edwards,2Story,RL,TA,Attchd,Y,CBlock,407140
11397,7,7,1970,1970,703,835,1501,655,3,557,3,1,2,8,0,8332,CollgCr,1Story,RL,Gd,BuiltIn,Y,PConc,448296
11398,8,7,1968,2017,2327,606,1123,0,0,286,3,1,5,4,2,17402,NridgHt,2Story,RL,TA,Detchd,Y,CBlock,574955
11399,3,8,1954,1996,964,1133,1973,415,3,469,2,0,5,4,1,8513,NAmes,SLvl,RH,Gd,Attchd,Y,CBlock,365555
11400,5,4,1997,2012,2188,1131,972,101,2,1025,3,0,1,4,1,3383,Edwards,SLvl,RL,TA,Attchd,N,PConc,424747
11401,9,6,1976,2016,1960,725,1791,879,2,535,1,0,2,7,1,12456,NridgHt,1Story,RL,TA,Detchd,N,CBlock,577479
11402,4,8,1958,1961,1760,980,1045,103,0,325,3,0,4,6,1,6962,BrkSide,1Story,RL,Gd,Attchd,Y,PConc,373333
11403,5,9,1978,1983,1115,259,1568,0,2,553,3,1,5,10,1,7176,Sawyer,1Story,RL,TA,Attchd,Y,CBlock,358127
11404,5,7,2016,2018,1568,1421,1694,490,2,387,1,1,4,5,2,4420,Crawfor,1.5Fin,RL,Gd,Attchd,Y,CBlock,508491
11405,4,7,1968,1968,1288,742,742,326,3,307,1,0,3,4,2,17638,Sawyer,2Story,RL,Gd,BuiltIn,Y,PConc,380109
11406,4,9,2013,2016,1513,1036,930,0,3,859,2,0,2,8,0,6723,OldTown,1Story,RL,TA,Attchd,Y,CBlock,417514
11407,5,7,1968,1983,1388,479,738,608,1,672,3,1,1,4,2,17268,CollgCr,1Story,RL,TA,Attchd,N,CBlock,366754
11408,9,9,1963,2014,583,817,670,0,1,542,1,1,5,11,0,7001,NAmes,1Story,RL,TA,BuiltIn,N,PConc,455318
11409,3,3,1968,2006,2005,938,1333,139,1,409,2,1,3,3,0,5599,CollgCr,1.5Fin,RL,TA,Attchd,Y,PConc,365977
11410,5,5,1972,1986,1464,1045,1031,277,1,424,3,0,3,7,1,15392,NAmes,1Story,RL,Gd,Detchd,N,CBlock,394776
11411,3,3,1958,1963,1282,1242,1118,691,0,758,1,0,5,11,1,8224,OldTown,1Story,RL,Ex,Attchd,Y,CBlock,359459
11412,7,3,1991,1996,1248,1626,1295,839,0,535,2,0,1,7,2,8260,Sawyer,2Story,RL,TA,BuiltIn,Y,CBlock,450223
11413,5,6,1973,1998,1661,1343,450,781,3,0,1,0,2,10,2,4775,Sawyer,2Story,RL,TA,Attchd,Y,PConc,414454
11414,9,4,2000,2004,1098,1435,1550,404,1,916,1,1,5,6,0,6918,OldTown,2Story,RL,Ex,Attchd,Y,CBlock,530042
11415,7,5,1984,1988,500,1628,978,0,1,513,2,0,2,9,1,10309,Somerst,1.5Fin,RL,Gd,Attchd,Y,CBlock,459370
11416,9,6,1981,1987,1683,1278,1286,567,2,542,1,0,5,9,2,4737,CollgCr,1Story,RL,Ex,CarPort,Y,PConc,579045
11417,8,7,1983,1989,1734,1035,1317,891,2,676,1,0,5,7,2,6669,Somerst,1Story,FV,Gd,BuiltIn,Y,PConc,556998
11418,6,9,1961,1967,1410,1454,1580,820,1,564,3,1,1,3,1,7035,Somerst,1Story,RM,Ex,Attchd,Y,PConc,480008
11419,9,8,2000,2005,983,1479,1063,589,3,614,1,1,3,11,1,8758,OldTown,2Story,RL,Gd,Attchd,Y,CBlock,513530
11420,6,5,1957,2014,1540,1309,400,93,0,404,3,1,4,3,1,16541,CollgCr,SLvl,RL,TA,Attchd,Y,PConc,505739
11421,10,5,2001,2003,841,468,1120,292,1,259,1,0,3,6,0,7427,Crawfor,1Story,RL,Gd,Attchd,Y,BrkTil,492395
11422,10,8,2020,2021,1038,713,1170,1030,0,530,2,1,2,8,1,6230,Somerst,2Story,RL,Gd,Attchd,Y,PConc,545516
11423,7,3,2004,2007,1162,940,738,25,2,738,3,0,1,9,2,29252,Somerst,2Story,RM,TA,Basment,Y,CBlock,536250
11424,8,6,1982,2018,1880,1362,1152,106,0,363,2,0,1,7,0,6995,NAmes,SFoyer,RL,TA,Attchd,Y,PConc,508732
11425,5,5,1972,2014,1337,1041,974,733,3,349,2,0,1,6,2,7801,CollgCr,1Story,RL,Gd,Basment,Y,CBlock,462232
11426,9,4,2011,2013,1298,1505,630,321,2,700,3,0,2,6,0,7236,OldTown,1Story,RL,Gd,Attchd,Y,CBlock,530905
11427,8,7,1968,2002,2380,1576,1335,95,0,398,1,1,2,11,0,7505,Crawfor,2Story,RL,TA,BuiltIn,Y,CBlock,536106
11428,10,5,1984,1992,1659,1530,903,908,2,406,3,1,5,6,2,8803,CollgCr,1.5Fin,RL,Gd,Attchd,Y,Slab,640779
11429,5,4,2004,2007,1653,1532,958,588,1,413,3,1,3,10,1,12864,OldTown,2Story,RL,Gd,Attchd,Y,PConc,439666
11430,9,7,2015,2021,1334,635,938,335,2,468,3,0,1,3,1,10195,Crawfor,1.5Fin,FV,Gd,BuiltIn,Y,PConc,595564
11431,6,4,2015,2021,1232,1243,1532,106,0,197,2,1,1,8,1,13801,Somerst,1Story,RL,Gd,Attchd,Y,PConc,488582
11432,4,7,1956,1988,516,807,1086,1064,2,383,2,1,1,9,1,13597,OldTown,2Story,RH,TA,Basment,Y,CBlock,271624
11433,4,4,2013,2020,1936,390,1128,443,0,521,2,0,2,9,1,9336,NridgHt,1Story,RL,TA,Detchd,Y,CBlock,399672
11434,7,6,1958,1972,1702,935,946,869,0,520,2,1,4,6,2,10068,Somerst,1Story,FV,Gd,None,Y,PConc,480966
11435,5,8,1991,2009,1419,1580,1262,718,2,688,3,0,1,9,1,13999,Crawfor,1Story,FV,Gd,BuiltIn,Y,CBlock,474384
11436,3,4,2016,2016,1438,1234,1572,294,2,811,3,0,3,7,0,5155,NAmes,1Story,RL,Fa,Attchd,Y,PConc,387654
11437,6,8,1996,2000,1831,1857,1327,296,1,752,1,0,3,8,0,26161,Gilbert,1Story,RM,TA,Attchd,Y,Slab,495706
11438,8,8,2017,2018,800,1121,1340,884,0,645,1,0,1,11,1,6749,CollgCr,2Story,RL,Fa,Detchd,Y,PConc,442943
11439,5,9,1974,2020,1235,2029,1312,889,1,453,3,0,1,9,1,7258,Gilbert,1.5Fin,RL,TA,Attchd,Y,Stone,425868
11440,10,4,1972,1973,989,1121,617,0,3,368,2,1,2,9,1,4927,BrkSide,1Story,RL,Gd,Detchd,Y,CBlock,522312
11441,9,8,1973,1975,2297,1059,793,615,2,483,2,1,1,11,0,4993,BrkSide,1Story,RL,Gd,Attchd,Y,Stone,585562
11442,7,9,1975,1983,1894,538,1028,414,0,585,1,1,4,4,0,13176,BrkSide,1Story,RL,Gd,Detchd,Y,CBlock,437062
11443,10,8,1998,2000,509,1494,846,140,3,628,1,0,5,8,0,23610,Sawyer,1Story,RL,TA,Attchd,Y,PConc,545296
11444,6,4,1982,1996,819,849,727,529,1,592,2,0,4,8,2,6585,NAmes,1Story,RH,Gd,Attchd,Y,CBlock,396870
11445,4,8,2002,2009,1440,791,445,45,2,458,3,0,4,9,1,9938,NAmes,2Story,RM,TA,None,Y,CBlock,375769
11446,3,3,1979,1984,1287,1562,629,310,0,622,3,1,4,4,2,9385,OldTown,SLvl,RL,TA,BuiltIn,Y,PConc,386483
11447,10,7,1971,1976,904,1513,1010,210,1,707,3,0,5,9,1,13332,Somerst,2Story,RL,TA,Attchd,Y,CBlock,541467
11448,10,6,1963,2016,2375,1503,1076,300,3,638,1,1,1,4,0,23069,OldTown,2Story,RL,TA,Attchd,Y,BrkTil,623091
11449,8,6,1989,2016,1641,905,822,429,1,474,1,0,5,6,1,16853,Sawyer,2Story,RL,Ex,Detchd,Y,CBlock,490413
11450,3,6,2013,2014,1714,1030,1128,145,0,330,2,0,3,9,2,7634,Sawyer,1Story,FV,Gd,Attchd,Y,PConc,376682
11451,5,3,2010,2016,1189,1026,948,922,0,326,2,0,3,5,1,10783,Crawfor,1Story,C (all),TA,Detchd,Y,CBlock,394925
11452,3,6,1967,2008,1825,1363,1482,598,3,357,1,0,4,4,0,11276,Edwards,1Story,RL,TA,BuiltIn,Y,PConc,358852
11453,3,9,1983,1990,1329,1671,1043,988,3,526,2,0,3,9,0,8423,Gilbert,1Story,RL,TA,Attchd,Y,PConc,387671
11454,4,6,2000,2006,1372,1197,1344,402,0,574,3,1,2,5,2,5191,Sawyer,1.5Fin,RL,TA,Attchd,Y,PConc,394299
11455,7,4,1993,1999,1775,1840,1171,285,3,225,1,0,1,10,0,5934,Crawfor,2Story,RL,TA,Attchd,Y,PConc,522561
11456,3,9,1954,2000,767,1409,609,978,3,389,3,1,1,11,2,14250,Gilbert,1Story,RL,Gd,Attchd,Y,CBlock,406712
11457,10,3,1991,1992,2219,956,1068,277,1,524,2,1,1,6,2,14927,OldTown,1Story,RL,Ex,Detchd,N,PConc,575628
11458,6,6,1952,2000,1582,1381,668,397,2,318,2,1,2,9,0,7742,NAmes,1Story,RL,TA,Attchd,Y,PConc,463212
11459,5,6,1958,1993,2076,1732,1062,666,1,558,2,1,4,5,1,9560,Crawfor,SLvl,RL,TA,None,Y,PConc,436330
11460,7,6,1996,2012,1016,1849,839,79,0,425,3,0,2,11,1,14568,Sawyer,1Story,RM,TA,Detchd,Y,CBlock,469283
11461,9,9,1957,1962,1085,1525,1234,663,2,350,2,0,3,5,2,3948,Gilbert,2Story,RL,Gd,Attchd,Y,CBlock,479147
11462,5,5,1974,1993,977,1060,630,625,0,490,1,1,1,10,2,6953,Gilbert,1Story,RL,TA,Detchd,Y,CBlock,351589
11463,3,9,1991,2008,1613,963,1105,831,1,551,1,0,3,10,0,21075,Sawyer,1Story,RL,Gd,Attchd,Y,CBlock,380201
11464,3,3,1996,1998,1530,1280,1300,717,1,327,3,1,5,5,0,9726,Gilbert,1Story,RM,Gd,Attchd,N,PConc,426908
11465,9,8,1981,2002,1291,1720,1418,840,0,436,1,1,2,10,2,5114,Crawfor,SLvl,RL,Gd,Detchd,Y,BrkTil,516612
11466,3,7,1956,1962,1044,1224,833,417,3,564,3,1,3,8,1,8961,BrkSide,1Story,RM,TA,Attchd,N,PConc,343832
11467,8,4,2006,2009,930,1232,1106,191,2,343,2,0,5,9,0,13460,OldTown,2Story,RL,Gd,Attchd,Y,PConc,504501
11468,6,4,2017,2019,1478,1071,1164,1083,3,182,1,0,4,6,1,2702,NAmes,1Story,FV,Gd,Attchd,Y,PConc,509844
11469,9,8,2013,2016,1290,919,1641,0,2,203,1,1,2,5,0,9202,NAmes,2Story,RL,Gd,Attchd,N,PConc,518080
11470,3,7,2003,2004,1191,985,582,22,0,405,3,0,1,9,0,7188,Edwards,2Story,RM,Gd,Detchd,Y,PConc,280415
11471,10,7,1978,2002,2196,1104,781,620,1,243,1,0,5,3,2,4060,BrkSide,2Story,RL,TA,None,Y,CBlock,507336
11472,8,3,2012,2013,1463,1737,2082,937,1,417,1,1,4,6,0,8819,BrkSide,1Story,RM,TA,Detchd,Y,PConc,510841
11473,6,7,1984,1985,2072,954,1004,507,3,780,1,0,1,4,2,7994,Edwards,1Story,RL,TA,None,Y,PConc,450382
11474,4,9,1959,1959,1260,1071,438,750,0,232,2,0,3,3,0,8408,OldTown,1.5Fin,RL,Gd,Detchd,Y,CBlock,295917
11475,10,3,2010,2018,1610,704,896,0,2,429,3,1,5,3,0,7267,Somerst,2Story,RL,TA,Attchd,Y,CBlock,597197
11476,5,6,1972,1988,1475,1337,400,300,0,864,1,0,5,3,2,5368,BrkSide,1Story,RL,Gd,Basment,Y,BrkTil,384570
11477,6,6,2016,2017,736,1597,1184,0,3,553,3,1,1,11,0,4417,NridgHt,1Story,RL,TA,Attchd,Y,PConc,508747
11478,6,9,1976,1981,2143,1700,1383,684,2,414,3,1,3,9,1,6229,NAmes,1Story,RL,TA,Attchd,Y,CBlock,513851
11479,4,4,2011,2012,1439,1131,781,0,1,452,1,1,5,11,1,12513,OldTown,1Story,RL,TA,None,N,CBlock,311970
11480,6,6,1988,1993,1836,1280,935,67,1,557,1,0,4,3,1,9440,Somerst,1Story,RM,TA,Detchd,Y,CBlock,434131
11481,4,8,1983,1992,1162,989,1423,604,1,785,2,0,3,11,1,8239,Somerst,1Story,RL,Gd,CarPort,Y,PConc,370255
11482,3,3,1971,2006,1426,1261,487,769,0,384,1,1,2,8,0,5324,BrkSide,1Story,RL,TA,Attchd,N,CBlock,267104
11483,5,8,2009,2015,1110,1176,637,402,2,344,1,0,4,10,0,7184,Crawfor,2Story,FV,TA,BuiltIn,Y,PConc,391223
11484,3,8,1954,2008,2056,1073,1020,621,3,232,2,1,3,10,0,11844,NAmes,SLvl,RL,TA,Attchd,Y,CBlock,443661
11485,6,8,1983,1988,1640,1105,837,611,0,499,3,1,3,5,0,10668,CollgCr,2Story,RL,TA,Attchd,Y,CBlock,403156
11486,9,7,1976,1979,1665,1231,997,385,2,227,3,1,5,9,1,6857,Edwards,2Story,RL,Ex,Basment,Y,PConc,567193
11487,4,8,1988,2014,2111,932,658,122,2,397,2,1,2,8,1,2625,OldTown,2Story,RL,TA,Attchd,Y,PConc,431044
11488,3,8,1968,1988,2020,953,1175,619,3,316,1,0,4,6,0,6274,Edwards,1Story,RL,TA,Detchd,Y,BrkTil,362293
11489,3,9,1997,2011,1844,1733,1048,634,3,673,1,1,1,7,0,6840,NAmes,2Story,RL,TA,Basment,N,CBlock,387281
11490,7,5,1977,1989,860,2134,1292,718,0,388,2,1,4,4,2,5651,NAmes,1Story,RM,Ex,Basment,Y,CBlock,493368
11491,5,6,1963,1966,1187,568,1170,544,0,551,1,1,3,4,0,7058,BrkSide,1Story,RL,Gd,Attchd,Y,Slab,365540
11492,6,7,1963,1983,1048,546,1172,99,3,191,2,1,5,11,1,12274,NAmes,2Story,RL,TA,Attchd,Y,PConc,428614
11493,3,4,1999,2008,1827,667,594,657,0,504,3,0,2,9,2,8359,Gilbert,1Story,RL,Gd,CarPort,Y,CBlock,383000
11494,5,8,1968,1996,1577,1009,1272,450,2,263,3,1,5,8,2,13269,OldTown,2Story,RL,Gd,Detchd,Y,CBlock,464395
11495,6,8,1971,1973,874,1408,984,305,3,403,1,1,3,9,2,4312,OldTown,2Story,RM,Gd,Detchd,Y,PConc,392678
11496,6,7,1994,2000,1415,1287,1042,362,2,878,1,0,2,6,1,7410,NAmes,1Story,RL,TA,Attchd,Y,PConc,449147
11497,7,5,1973,2010,828,1119,1467,243,0,648,1,0,1,5,1,3552,NAmes,1Story,FV,TA,Attchd,Y,BrkTil,376874
11498,9,5,1977,2019,1476,1262,848,717,0,457,2,0,1,11,2,7015,OldTown,2Story,RL,TA,None,N,PConc,475719
11499,6,6,1967,2003,755,773,1573,25,2,1056,1,1,2,11,2,5310,BrkSide,2Story,RL,TA,Attchd,Y,PConc,359391
11500,9,7,1974,1975,1738,952,1606,152,3,315,3,1,3,4,0,15129,BrkSide,1.5Fin,RL,Gd,BuiltIn,Y,PConc,611914
